中日医院,https://www.haodf.com/hospital/DE4raCNSz6OmG3OUNZWCWNv0.htm
安贞医院,https://www.haodf.com/hospital/DE4raCNSz6Om-9cfC2nM4CIa.htm
北京朝阳医院,https://www.haodf.com/hospital/DE4raCNSz6Omic7eSMfL7SHT.htm
儿研所,https://www.haodf.com/hospital/DE4raCNSz6OmK5b7qp0yaqEm.htm
战略支援部队特色医学中心（原解放军第306医院）,https://www.haodf.com/hospital/DE4roiYGYZw0hopHKRSoDWRPl.htm
医科院肿瘤医院,https://www.haodf.com/hospital/DE4raCNSz6OmCsr8uGmz1uDn.htm
北京妇产医院,https://www.haodf.com/hospital/DE4raCNSz6Omx7149dVHU9sf.htm
航空总医院,https://www.haodf.com/hospital/DE4raCNSz6OEh5b7qp0yaqEm.htm
民航总医院,https://www.haodf.com/hospital/DE4raCNSz6Onh7149dVHU9sf.htm
北京地坛医院,https://www.haodf.com/hospital/DE4rIxMvCogWH26171mm-bs.htm
望京医院,https://www.haodf.com/hospital/DE4roiYGYZwmJUc2dcByMhc7g.htm
清华大学第一附属医院,https://www.haodf.com/hospital/DE4raCNSz6OEw3OUNZWCWNv0.htm
应急总医院(原煤炭总医院),https://www.haodf.com/hospital/DE4raCNSz6OmJ44gzBTN8z9g.htm
垂杨柳医院,https://www.haodf.com/hospital/DE4raCNSz6Oni44gzBTN8z9g.htm
北京中医药大学第三附属医院,https://www.haodf.com/hospital/DE4rO-XCoLUXioEWgURjIHBzPQ.htm
北京和睦家医院,https://www.haodf.com/hospital/DE4r0eJWGqZNgQFi7qq8qf-DzfWSIbkQ.htm
北医三院机场院区,https://www.haodf.com/hospital/DE4r0Fy0C9LuZLSLSLuM4VIQH5Fy7BKbP.htm
北大口腔医院第二门诊部,https://www.haodf.com/hospital/DE4rO-XCoLUmJpnnjfh42XHZ0l.htm
北京第一中西医结合医院,https://www.haodf.com/hospital/DE4raCNSz6OEK7149dVHU9sf.htm
北京瑞泰口腔医院,https://www.haodf.com/hospital/DE4r0Fy0C9LuSkZytVJDKq68YSpIkSXQi.htm
北京亚运村美中宜和妇儿医院,https://www.haodf.com/hospital/DE4rO-XCoLUXJr7tPQrVFGoqUr.htm
朝阳区妇儿医院,https://www.haodf.com/hospital/DE4rO-XCoLUXjpbqaOQhHsdycT.htm
朝阳区第三医院,https://www.haodf.com/hospital/DE4rO-XCoLUXjUq3Urabz6vEQg.htm
中国聋儿康复研究中心听力门诊部,https://www.haodf.com/hospital/DE4r0Fy0C9LuZMDHBKEEZo3UuDINgIYJg.htm
北京爱尔英智眼科医院 ,https://www.haodf.com/hospital/DE4rO-XCoLUmJUOpWkcw-2p57V.htm
北京优联眼耳鼻喉医院,https://www.haodf.com/hospital/DE4r0Fy0C9LuZX-oXyd-0iDj-p35r6Dll.htm
北京德倍尔口腔门诊部,https://www.haodf.com/hospital/DE4r0Fy0C9LuGNipakdQ1rviZLC3b3s8R.htm
北大口腔四门诊,https://www.haodf.com/hospital/DE4r0Fy0C9LuSMGRgXC91diUuDINgIYJg.htm
梅瑞口腔中海店,https://www.haodf.com/hospital/DE4r0Fy0C9LuGWxmkDygh1PTs3BGmMGOc.htm
维世达诊所,https://www.haodf.com/hospital/DE4r0Fy0C9LuZRTlSLSmgaqa9sDMfNCrT.htm
双桥医院,https://www.haodf.com/hospital/DE4r0Fy0C9LuwLK0i3qtcPMV2YMZWydg7.htm
北京朝阳急诊抢救中心,https://www.haodf.com/hospital/DE4r0Fy0C9LuZLwRgYZ5YRyrGNzFx56fU.htm
赛德阳光口腔国贸门诊部,https://www.haodf.com/hospital/DE4r0Fy0C9LuwYiENKmOx9gRNvXH4DNxe.htm
北京惠爱口腔门诊部,https://www.haodf.com/hospital/DE4r0Fy0C9Luw0Cn0C17oU7rGNzFx56fU.htm
北京圣贝口腔门诊部,https://www.haodf.com/hospital/DE4r0Fy0C9LuGY-qO0Ct58LPECdSRGpar.htm
菁品联合丽格口腔,https://www.haodf.com/hospital/DE4r0Fy0C9LuhnJq759hi4iUuDINgIYJg.htm
美中宜和综合门诊,https://www.haodf.com/hospital/DE4r0Fy0C9LuZXKaEx243sgRNvXH4DNxe.htm
北京联合丽格第一医疗美容医院,https://www.haodf.com/hospital/DE4r0Fy0C9LuGYyrs54vC3ug66K2nYytQ.htm
张强医生集团北京思俊外科诊所 ,https://www.haodf.com/hospital/DE4r0Fy0C9LuGYJ32ORjU24tMuLDQvLT1.htm
北大口腔五门诊,https://www.haodf.com/hospital/DE4r0Fy0C9LuSlZzSlgpj6Hcyq6vJdZnb.htm
赛德阳光口腔三元桥门诊部,https://www.haodf.com/hospital/DE4r0Fy0C9LuwYiENKaOytj7CIoXi9Fjh.htm
普瑞美口腔,https://www.haodf.com/hospital/DE4r0Fy0C9LuwYxIlwYXVQKn52sdVLS0n.htm
南磨房社区卫生服务中心,https://www.haodf.com/hospital/DE4r0Fy0C9LuwNgXH14gyBj7CIoXi9Fjh.htm
北京合生口腔门诊部,https://www.haodf.com/hospital/DE4r0Fy0C9Luhnksfy9gJ9G0pMy6P-9em.htm
八里庄第二社区卫生服务中心,https://www.haodf.com/hospital/DE4r0Fy0C9LuwNgXys9g-shmqEELeHuif.htm
垡头社区卫生服务中心,https://www.haodf.com/hospital/DE4r0Fy0C9LuwWJboYZqIzyrGNzFx56fU.htm
北京禾普诊所,https://www.haodf.com/hospital/DE4r0Fy0C9LuhMZWC329pq68YSpIkSXQi.htm
新和齿科,https://www.haodf.com/hospital/DE4roiYGYZw0Cmo-DwIIFQwlR.htm
北京英迪口腔门诊部,https://www.haodf.com/hospital/DE4r0Fy0C9LuGEjs9BGURK4tMuLDQvLT1.htm
潘家园医院,https://www.haodf.com/hospital/DE4r0Fy0C9LuwNgNwIkJNiDj-p35r6Dll.htm
北京劲松社区卫生服务中心,https://www.haodf.com/hospital/DE4rO-XCoLUXyUq1ObWl99uMTa.htm
朝阳区团结湖社区中心,https://www.haodf.com/hospital/DE4r0Fy0C9LuwNgNiImXeMJ1SHSYhq37w.htm
北京市朝阳区双井社区卫生服务中心,https://www.haodf.com/hospital/DE4r0Fy0C9LuGRSLGlC5aa2mqEELeHuif.htm
北京圣德口腔门诊部,https://www.haodf.com/hospital/DE4r0Fy0C9Luhnksfy9ZwU68YSpIkSXQi.htm
朝阳区中医医院,https://www.haodf.com/hospital/DE4r0Fy0C9LuGRgNib0mZ0nj-p35r6Dll.htm
北京泰和国医中医诊所,https://www.haodf.com/hospital/DE4r0Fy0C9LuGEkceKmnC28V2YMZWydg7.htm
臻齿口腔,https://www.haodf.com/hospital/DE4r0Fy0C9LuhE-r1pp1X-SkLd-scFHPW.htm
东坝社区卫生服务中心,https://www.haodf.com/hospital/DE4r0Fy0C9LuGMSkSMg1kh7rGNzFx56fU.htm
北京怡贝口腔诊所,https://www.haodf.com/hospital/DE4r0Fy0C9LuhXHbboXESmEJKXY-1sBh8.htm
爱康体检宝,https://www.haodf.com/hospital/DE4r0Fy0C9Luh0COaNg3lG68YSpIkSXQi.htm
北京倪氏嘉德口腔门诊部,https://www.haodf.com/hospital/DE4r0Fy0C9LuhYJ3UUX0uiDj-p35r6Dll.htm
卓马口腔,https://www.haodf.com/hospital/DE4r0Fy0C9LuhY-ooHvYBiFhFZqqOoERk.htm
有明中医,https://www.haodf.com/hospital/DE4r0Fy0C9LuGWGWy3sZ-4hmqEELeHuif.htm
正方形口腔,https://www.haodf.com/hospital/DE4r0Fy0C9LuhnksfJcSTXakLd-scFHPW.htm
斯迈尔齿科劲松门诊,https://www.haodf.com/hospital/DE4r0Fy0C9LuwW-I0ZmUJBHcyq6vJdZnb.htm
北京市朝阳区望京社区卫生服务中心,https://www.haodf.com/hospital/DE4r0Fy0C9LuwNKYjd8M6fIQH5Fy7BKbP.htm
六里屯社区卫生服务中心,https://www.haodf.com/hospital/DE4r0Fy0C9LuwNGWj15vTX0hFZqqOoERk.htm
太阳宫社区卫生服务中心,https://www.haodf.com/hospital/DE4r0Fy0C9LuwNwWyr7VDlReozGolC54J.htm
朝阳区小红门社区卫生服务中心,https://www.haodf.com/hospital/DE4r0Fy0C9LuwNgYH5sDTOqa9sDMfNCrT.htm
酒仙桥社区卫生服务中心,https://www.haodf.com/hospital/DE4r0Fy0C9LuwNgYibo2Qw3UuDINgIYJg.htm
北京幸福嘉园定福庄门诊部,https://www.haodf.com/hospital/DE4r0Fy0C9LuwW-Elho2zPWg66K2nYytQ.htm
北京市老年病医院,https://www.haodf.com/hospital/DE4r0Fy0C9LuGmQ1r17FFkiUuDINgIYJg.htm
同心口腔,https://www.haodf.com/hospital/DE4r0Fy0C9LuhEH176Pl7elf3o2p0zvkj.htm
精德口腔,https://www.haodf.com/hospital/DE4r0Fy0C9LuhYKaYZIOxsZlXG59tZIW0.htm
北京百汇朝外诊所,https://www.haodf.com/hospital/DE4r0Fy0C9LuwXxIXKq621ewBFNKaEMw4.htm
华景齿科,https://www.haodf.com/hospital/DE4r0Fy0C9Luw0ybOIRJlJDj-p35r6Dll.htm
北京市红十字会急救中心,https://www.haodf.com/hospital/DE4r0Fy0C9LuwMSLTzDaSXakLd-scFHPW.htm
北京新世纪妇儿医院,https://www.haodf.com/hospital/DE4r0Fy0C9LuSYZRwY-VBQZlXG59tZIW0.htm
黑庄户社区卫生服务中心,https://www.haodf.com/hospital/DE4r0Fy0C9Luw0J3pXHTJdiUuDINgIYJg.htm
北京市朝阳区安贞社区卫生服务中心,https://www.haodf.com/hospital/DE4r0Fy0C9LuGmxOpkgqjfnj-p35r6Dll.htm
东里医院,https://www.haodf.com/hospital/DE4r0Fy0C9LuGMGEkdDIJtxa9sDMfNCrT.htm
双井街道九龙南社区卫生服务站,https://www.haodf.com/hospital/DE4r0Fy0C9LuGRgRSzf0ZXnj-p35r6Dll.htm
王四营社区卫生服务中心,https://www.haodf.com/hospital/DE4r0Fy0C9LuwmQ1ccdJXlztMuLDQvLT1.htm
北京市朝阳区孙河社区卫生服务中心,https://www.haodf.com/hospital/DE4r0Fy0C9LuwmKOaj6yEkHcyq6vJdZnb.htm
北京市急救中心,https://www.haodf.com/hospital/DE4rO-XCoLUXy154tx00uSYNw1.htm
朝阳区金盏医院,https://www.haodf.com/hospital/DE4r0Fy0C9Luw0KmYSNN4gU0pMy6P-9em.htm
北京市朝阳区亚运村社区卫生服务中心,https://www.haodf.com/hospital/DE4r0Fy0C9LuwYJI0ho7IEmiZLC3b3s8R.htm
北京市朝阳区望京街道南湖中园社区卫生服务站,https://www.haodf.com/hospital/DE4r0Fy0C9LuwNKYH54iNyfJKXY-1sBh8.htm
北京市朝阳区望京街道花家地西里社区卫生服务站,https://www.haodf.com/hospital/DE4r0Fy0C9LuwNhYH4VkceWg66K2nYytQ.htm
安翔里社区卫生服务站,https://www.haodf.com/hospital/DE4r0Fy0C9LuwNhYH9FN8w51SHSYhq37w.htm
朝阳区东坝医院,https://www.haodf.com/hospital/DE4rO-XCoLUmibpU0lPR5qqdfm.htm
骨卫士,https://www.haodf.com/hospital/DE4r0Fy0C9LuhnksfJcgwq68YSpIkSXQi.htm
北京301医院,https://www.haodf.com/hospital/DE4roiYGYZw0hEIKBtDEBxt8k.htm
北医三院,https://www.haodf.com/hospital/DE4roiYGYZwWGNldz13dpO1a1.htm
解放军总医院第三医学中心(原武警总医院),https://www.haodf.com/hospital/DE4roiYGYZw0KIOyZJ9SvRJb8.htm
中国中医科学院西苑医院,https://www.haodf.com/hospital/DE4roiYGYZwWGWNBM4FM2b44i.htm
世纪坛医院,https://www.haodf.com/hospital/DE4roiYGYZwWKNWuYe-Bqregr.htm
北京大学第三医院海淀院区,https://www.haodf.com/hospital/DE4roiYGYZwWGX0voi5u5tiO7.htm
解放军总医院第四医学中心(原304医院),https://www.haodf.com/hospital/DE4roiYGYZw0hIo-DwIIFQwlR.htm
北大口腔医院,https://www.haodf.com/hospital/DE4roiYGYZw0CXaCFVHDuJVht.htm
中国人民解放军总医院第六医学中心,https://www.haodf.com/hospital/DE4roiYGYZw0KXnG6rsvdwrU4.htm
航天中心医院,https://www.haodf.com/hospital/DE4roiYGYZwWhnnG6rsvdwrU4.htm
空军特色医学中心（原空军总医院）,https://www.haodf.com/hospital/DE4roiYGYZw0KmIKBtDEBxt8k.htm
北京肿瘤医院,https://www.haodf.com/hospital/DE4roiYGYZwWGEmS30yF9V0wc.htm
解放军总医院第八医学中心(原309医院),https://www.haodf.com/hospital/DE4roiYGYZw0K0EZsOEX6TORQ.htm
北医六院,https://www.haodf.com/hospital/DE4roiYGYZwWG0YFEgXN3cgkJ.htm
中关村医院,https://www.haodf.com/hospital/DE4roiYGYZwmJpsp9b25Lgbma.htm
北京老年医院,https://www.haodf.com/hospital/DE4rO-XCoLUXi2oakhlkqINLVW.htm
北京中西医结合医院,https://www.haodf.com/hospital/DE4rO-XCoLU0jOOoRinOCoXXJe.htm
德尔康尼骨科医院,https://www.haodf.com/hospital/DE4r0Fy0C9LuwWKaRSNQqbBf3o2p0zvkj.htm
海淀妇幼保健院,https://www.haodf.com/hospital/DE4roiYGYZwWGnEZsOEX6TORQ.htm
上地医院,https://www.haodf.com/hospital/DE4roiYGYZwXiO3XIhpq-4h0m.htm
北大口腔三门诊,https://www.haodf.com/hospital/DE4r0Fy0C9LuSlZzfQPj2U94z9ZEju-cx.htm
北京美尔目医院,https://www.haodf.com/hospital/DE4r0Fy0C9LuwlgkfLP0V-Dj-p35r6Dll.htm
北京怡德医院,https://www.haodf.com/hospital/DE4r0Fy0C9Luw0GmzFKB34-bvK9uwpomO.htm
北京怡宁医院,https://www.haodf.com/hospital/DE4r0Fy0C9LuwWZWQ74iRxtPECdSRGpar.htm
首医大三博脑科医院,https://www.haodf.com/hospital/DE4r0eJWGqZNDyuFQdS2QKEpXkgLG4be.htm
普瑞口腔,https://www.haodf.com/hospital/DE4r0Fy0C9LuwXCppMw7alReozGolC54J.htm
迦南门诊,https://www.haodf.com/hospital/DE4r0Fy0C9LuGmH164uWdDqa9sDMfNCrT.htm
北京家恩德运医院,https://www.haodf.com/hospital/DE4rO-XCoLUmJ5rtPQrVFGoqUr.htm
北京诚欣瓒口腔门诊部,https://www.haodf.com/hospital/DE4r0Fy0C9Luw0xoNhO1Rw94z9ZEju-cx.htm
北京裕和医院,https://www.haodf.com/hospital/DE4r0Fy0C9LuG0xboMg2jSOlXG59tZIW0.htm
赛德阳光口腔北京西海国际门诊部,https://www.haodf.com/hospital/DE4r0Fy0C9LuhnksfJcgGo7rGNzFx56fU.htm
唯世（北京）临床心理门诊部,https://www.haodf.com/hospital/DE4r0Fy0C9LuG0x2aNwrmjhmqEELeHuif.htm
北京圣贝万柳口腔门诊部,https://www.haodf.com/hospital/DE4r0Fy0C9LuGY-qoEyVTXXxD-uCU22Ut.htm
中国兵器工业北京北方医院,https://www.haodf.com/hospital/DE4rO-XCoLUmibq1ObWl99uMTa.htm
北京大学医院,https://www.haodf.com/hospital/DE4r0Fy0C9LuwMZMGNjDvNMV2YMZWydg7.htm
甘家口社区卫生服务中心,https://www.haodf.com/hospital/DE4r0Fy0C9LuwNZMhoNzUrFhFZqqOoERk.htm
万寿路社区卫生服务中心,https://www.haodf.com/hospital/DE4r0Fy0C9Luw0GXMui6tFEJKXY-1sBh8.htm
北京熙仁医院,https://www.haodf.com/hospital/DE4r0Fy0C9LuZ0xnMgYQrchmqEELeHuif.htm
北京万柳美中宜和妇儿医院,https://www.haodf.com/hospital/DE4r0Fy0C9LuwmJUaLgOJ8k8YSpIkSXQi.htm
保仁川口腔诊所,https://www.haodf.com/hospital/DE4r0Fy0C9LuGX-OalGrY-SkLd-scFHPW.htm
北京安忻临床心理门诊部,https://www.haodf.com/hospital/DE4r0Fy0C9Luh0COIRFYflHcyq6vJdZnb.htm
维乐口腔,https://www.haodf.com/hospital/DE4r0Fy0C9Luhmjq71qtruReozGolC54J.htm
中科领军（北京）口腔医院,https://www.haodf.com/hospital/DE4r0Fy0C9Luhnksfy9girfJKXY-1sBh8.htm
北京水利医院,https://www.haodf.com/hospital/DE4r0Fy0C9LuZLZkvC1BtGccyq6vJdZnb.htm
西典门诊,https://www.haodf.com/hospital/DE4r0Fy0C9LuwlZYC1UqXjhmqEELeHuif.htm
清华大学医院,https://www.haodf.com/hospital/DE4r0Fy0C9LuGY-2UYCFuKPTs3BGmMGOc.htm
爱德齿科,https://www.haodf.com/hospital/DE4r0Fy0C9LuwmxaXjcDirviZLC3b3s8R.htm
北京市社会福利医院,https://www.haodf.com/hospital/DE4r0Fy0C9LuwNZM-IY08w68YSpIkSXQi.htm
花园路社区卫生服务中心,https://www.haodf.com/hospital/DE4r0Fy0C9LuwNgXzr4ClZccyq6vJdZnb.htm
北京林业大学医院,https://www.haodf.com/hospital/DE4r0Fy0C9LuwNgNxUEnxU4tMuLDQvLT1.htm
青云北区社区卫生服务站,https://www.haodf.com/hospital/DE4r0Fy0C9LuwNgNhmk-MKPTs3BGmMGOc.htm
蓟门里社区卫生服务中心,https://www.haodf.com/hospital/DE4r0Fy0C9LuwNg0CoXnhorbvK9uwpomO.htm
北京四季青医院,https://www.haodf.com/hospital/DE4r0Fy0C9LuwNgMK0zhzSpWIyvz8Kq1V.htm
永定路社区卫生服务中心六街坊社区卫生服务站,https://www.haodf.com/hospital/DE4r0Fy0C9LuwNgNJbU7oaOlXG59tZIW0.htm
志新村社区卫生服务站,https://www.haodf.com/hospital/DE4r0Fy0C9Luwmy37q5VfHxa9sDMfNCrT.htm
北京交通大学社区卫生服务中心,https://www.haodf.com/hospital/DE4r0Fy0C9LuGmxOOMSaytyrGNzFx56fU.htm
田村路社区卫生服务中心,https://www.haodf.com/hospital/DE4r0Fy0C9LuGmxOOLFaGb94z9ZEju-cx.htm
北太平庄社区卫生服务中心,https://www.haodf.com/hospital/DE4r0Fy0C9LuGmxIWZmpKsSkLd-scFHPW.htm
北京科技大学社区卫生服务中心,https://www.haodf.com/hospital/DE4r0Fy0C9LuGRZ0js5gwpccyq6vJdZnb.htm
海淀区青龙桥社区服务中心,https://www.haodf.com/hospital/DE4r0Fy0C9LuwXhmYgmEezCOdBHBTXzVa.htm
海淀区万寿路医院,https://www.haodf.com/hospital/DE4r0Fy0C9Luwmi2baljIXnj-p35r6Dll.htm
北京太和妇产医院,https://www.haodf.com/hospital/DE4r0Fy0C9LuwXHqrbOspXIQH5Fy7BKbP.htm
青云社区卫生服务站,https://www.haodf.com/hospital/DE4r0Fy0C9LuwX-bqmkGkw3UuDINgIYJg.htm
中国矿业大学（北京）社区卫生服站,https://www.haodf.com/hospital/DE4r0Fy0C9LuwWGWy13dtG7rGNzFx56fU.htm
清河社区卫生服务中心,https://www.haodf.com/hospital/DE4r0Fy0C9LuwWGNC3OcpE2mqEELeHuif.htm
海淀区精神卫生防治院,https://www.haodf.com/hospital/DE4r0Fy0C9LuZNipYGnIHuLPECdSRGpar.htm
北京圣宝妇产医院,https://www.haodf.com/hospital/DE4r0Fy0C9LuhMhWi2U3XWLPECdSRGpar.htm
北大医院,https://www.haodf.com/hospital/DE4raCNSz6ONSaQTyscBtyq4.htm
北大人民医院,https://www.haodf.com/hospital/DE4raCNSz6ONDnJPvy76rvKc.htm
宣武医院,https://www.haodf.com/hospital/DE4raCNSz6O0h1aaH6PKRH5e.htm
阜外医院,https://www.haodf.com/hospital/DE4raCNSz6ONZORxEH4FVECt.htm
北京友谊医院,https://www.haodf.com/hospital/DE4raCNSz6O0K3OUNZWCWNv0.htm
北京积水潭医院,https://www.haodf.com/hospital/DE4raCNSz6OWZplJ2IkvT2YR.htm
北京儿童医院,https://www.haodf.com/hospital/DE4raCNSz6ONgokwMDQuPMuk.htm
广安门医院,https://www.haodf.com/hospital/DE4roiYGYZwXwnIKBtDEBxt8k.htm
北京复兴医院,https://www.haodf.com/hospital/DE4raCNSz6OWgORxEH4FVECt.htm
火箭军总医院,https://www.haodf.com/hospital/DE4roiYGYZw0xXIKBtDEBxt8k.htm
北京安定医院,https://www.haodf.com/hospital/DE4raCNSz6ONwplJ2IkvT2YR.htm
305医院,https://www.haodf.com/hospital/DE4roiYGYZw0haOyZJ9SvRJb8.htm
北大口腔医院第一门诊部,https://www.haodf.com/hospital/DE4r0Fy0C9LuSlgQSj9-XRiUuDINgIYJg.htm
北京二龙路医院,https://www.haodf.com/hospital/DE4raCNSz6OWx1aaH6PKRH5e.htm
北京按摩医院,https://www.haodf.com/hospital/DE4raCNSz6OWTaQTyscBtyq4.htm
护国寺中医院,https://www.haodf.com/hospital/DE4rO-XCoLUXKaR-bc1P6dS2aO.htm
宣武中医院,https://www.haodf.com/hospital/DE4roiYGYZwmJO7o5nM-zfnJT.htm
北京市第二医院,https://www.haodf.com/hospital/DE4rO-XCoLUXxEXQ4wkiNDMHtx.htm
西城区妇幼保健院,https://www.haodf.com/hospital/DE4raCNSz6O0C5b7qp0yaqEm.htm
北京瑞安康复医院,https://www.haodf.com/hospital/DE4r0Fy0C9Luw0jrqomYuzxa9sDMfNCrT.htm
西城区展览路医院,https://www.haodf.com/hospital/DE4r0Fy0C9LuwNwXibO5EEmiZLC3b3s8R.htm
北京市回民医院,https://www.haodf.com/hospital/DE4r0Fy0C9LuwXhnNGIaw1deozGolC54J.htm
白纸坊社区卫生服务中心,https://www.haodf.com/hospital/DE4r0Fy0C9LuwNgMZlG9b1PTs3BGmMGOc.htm
景程口腔,https://www.haodf.com/hospital/DE4r0Fy0C9Luh0iboMg3NjSkLd-scFHPW.htm
北京美和眼科,https://www.haodf.com/hospital/DE4r0Fy0C9LuwXj1qaNW6w51SHSYhq37w.htm
北京市阜成门医院,https://www.haodf.com/hospital/DE4r0Fy0C9LuwNZRia0XfkiUuDINgIYJg.htm
北京新世纪儿童医院,https://www.haodf.com/hospital/DE4r0Fy0C9Luwmjs76dk34G0pMy6P-9em.htm
北京市西城区平安医院,https://www.haodf.com/hospital/DE4r0Fy0C9LuGRxWC79ghqBf3o2p0zvkj.htm
广外社区卫生服务中心,https://www.haodf.com/hospital/DE4r0Fy0C9LuwliImha1lCBf3o2p0zvkj.htm
西城区广外医院,https://www.haodf.com/hospital/DE4r0Fy0C9LuhlZEzBvawOccyq6vJdZnb.htm
什刹海社区卫生服务中心,https://www.haodf.com/hospital/DE4r0Fy0C9LuwYyboWi9s4J1SHSYhq37w.htm
椿树社区卫生服务中心,https://www.haodf.com/hospital/DE4r0Fy0C9LuwNZMhokymm0hFZqqOoERk.htm
西城区德胜社区卫生服务中心,https://www.haodf.com/hospital/DE4r0Fy0C9LuwNZMwnkZJPMV2YMZWydg7.htm
陶然亭社区卫生服务中心,https://www.haodf.com/hospital/DE4r0Fy0C9LuwNgYir3BdG51SHSYhq37w.htm
月坛社区卫生服务中心,https://www.haodf.com/hospital/DE4r0Fy0C9LuwNgNJpO2LTbn52sdVLS0n.htm
北京核工业医院,https://www.haodf.com/hospital/DE4r0Fy0C9LuwNgNKolRsPReozGolC54J.htm
北京市监狱管理局中心医院  ,https://www.haodf.com/hospital/DE4r0Fy0C9LuwWJUUMhqYHG0pMy6P-9em.htm
西长安街社区卫生服务中心,https://www.haodf.com/hospital/DE4r0Fy0C9LuwYyboYC86g2mqEELeHuif.htm
北京结核病防治所,https://www.haodf.com/hospital/DE4r0Fy0C9LuwNgNKOMj2UtPECdSRGpar.htm
西城区月坛街道复兴门铁路社区卫生服务站,https://www.haodf.com/hospital/DE4r0Fy0C9LuwNGWC2O7XLyrGNzFx56fU.htm
西城区月坛街道三里河二区社区卫生服务站,https://www.haodf.com/hospital/DE4r0Fy0C9LuwWJaYwEIyshmqEELeHuif.htm
中国人民公安大学校医院,https://www.haodf.com/hospital/DE4r0Fy0C9LuwmKUXHBiXWk8YSpIkSXQi.htm
北京市西城区结核病防治所,https://www.haodf.com/hospital/DE4r0Fy0C9LuwmQ7ctTIhOccyq6vJdZnb.htm
北京市丰盛中医骨伤专科医院,https://www.haodf.com/hospital/DE4r0Fy0C9LuhnksfJcghOccyq6vJdZnb.htm
北京协和医院,https://www.haodf.com/hospital/DE4rIxMvCogR-EoxrURJ3U3.htm
北京同仁医院,https://www.haodf.com/hospital/DE4rIxMvCoglyo3WJbWRFh5.htm
北京医院,https://www.haodf.com/hospital/DE4rIxMvCogMJI2QVhlQ68-.htm
北京中医医院,https://www.haodf.com/hospital/DE4roiYGYZwXwIaCFVHDuJVht.htm
东直门医院,https://www.haodf.com/hospital/DE4rIxMvCog0z3FejraUXx9.htm
解放军总医院第七医学中心(原陆军总医院),https://www.haodf.com/hospital/DE4roiYGYZw0KEaCFVHDuJVht.htm
北京口腔医院,https://www.haodf.com/hospital/DE4raCNSz6OYZUWQs9tDws38.htm
和平里医院,https://www.haodf.com/hospital/DE4raCNSz6OlTnJPvy76rvKc.htm
北京第六医院,https://www.haodf.com/hospital/DE4rIxMvCogmLsZic7U7516.htm
北京隆福医院,https://www.haodf.com/hospital/DE4rIxMvCogXk5DgnJO1pWz.htm
北京普仁医院,https://www.haodf.com/hospital/DE4raCNSz6O0Z20RBSRSxBFl.htm
中医科学院针灸医院,https://www.haodf.com/hospital/DE4roiYGYZwXKpqNN8Z2K18e0.htm
北京天坛普华医院,https://www.haodf.com/hospital/DE4r0Fy0C9LuZlxWQ6vM8h94z9ZEju-cx.htm
八一儿童医院,https://www.haodf.com/hospital/DE4rO-XCoLUmJpIIQgjgKEL-rP.htm
北京鼓楼医院,https://www.haodf.com/hospital/DE4rIxMvCogYQqB4finaLPH.htm
中国中医研究院骨伤科研究所,https://www.haodf.com/hospital/DE4roiYGYZw0Jbc2dcByMhc7g.htm
北京恒和医院,https://www.haodf.com/hospital/DE4r0Fy0C9LuZXCbIQvYeLxa9sDMfNCrT.htm
北京新德恒门诊部,https://www.haodf.com/hospital/DE4r0Fy0C9LuwYy3pIWj15FhFZqqOoERk.htm
北京市东城区妇幼保健院,https://www.haodf.com/hospital/DE4r0Fy0C9LuwMGMJUXnhOs7CIoXi9Fjh.htm
东城区第一人民医院,https://www.haodf.com/hospital/DE4r0Fy0C9Luw0jOOlCc17fJKXY-1sBh8.htm
北京协美口腔门诊,https://www.haodf.com/hospital/DE4r0Fy0C9LuwXxIlZEEhU7rGNzFx56fU.htm
北京茗视光眼科,https://www.haodf.com/hospital/DE4r0Fy0C9Luw0KOnx7PVHG0pMy6P-9em.htm
东花市社区卫生服务中心,https://www.haodf.com/hospital/DE4r0Fy0C9LuwliImKp5IlReozGolC54J.htm
赛德阳光口腔银河SOHO门诊部,https://www.haodf.com/hospital/DE4r0Fy0C9LuwYiENGEEhnqa9sDMfNCrT.htm
崇文口腔医院,https://www.haodf.com/hospital/DE4r0Fy0C9LuwWwmj4vWBCPTs3BGmMGOc.htm
北京和润诊所,https://www.haodf.com/hospital/DE4r0Fy0C9LuwYCnmZmOG1ug66K2nYytQ.htm
天坛社区卫生服务中心,https://www.haodf.com/hospital/DE4r0Fy0C9Luwlia0woULVIQH5Fy7BKbP.htm
东城区精神卫生保健院,https://www.haodf.com/hospital/DE4r0Fy0C9LuwlxIMe-uFJgRNvXH4DNxe.htm
尤迈诊所,https://www.haodf.com/hospital/DE4r0Fy0C9LuwXxIWZnpx6hmqEELeHuif.htm
北京市东城区朝阳门社区卫生服务中心,https://www.haodf.com/hospital/DE4r0Fy0C9LuGRTHfQt-NxFhFZqqOoERk.htm
北京市东城区口腔医院,https://www.haodf.com/hospital/DE4r0Fy0C9LuGRg0yUOsImXxD-uCU22Ut.htm
东城区社区卫生服务中心,https://www.haodf.com/hospital/DE4r0Fy0C9LuGmj3151656Hcyq6vJdZnb.htm
北京天坛医院,https://www.haodf.com/hospital/DE4raCNSz6OYw20RBSRSxBFl.htm
北京佑安医院,https://www.haodf.com/hospital/DE4roiYGYZwWCIOyZJ9SvRJb8.htm
北京中医药大学东方医院,https://www.haodf.com/hospital/DE4roiYGYZwWCno-DwIIFQwlR.htm
解放军总医院第五医学中心(原302医院),https://www.haodf.com/hospital/DE4roiYGYZwXw0XD2kvYsPktj.htm
解放军总医院第五医学中心南院区(原307医院),https://www.haodf.com/hospital/DE4rO-XCoLUXKmkG0lPR5qqdfm.htm
航天总医院,https://www.haodf.com/hospital/DE4roiYGYZwWio2LHUopZaUWW.htm
电力医院,https://www.haodf.com/hospital/DE4roiYGYZwWCoUz-mzZSmmxP.htm
中国康复研究中心(北京博爱医院),https://www.haodf.com/hospital/DE4roiYGYZwXGW0voi5u5tiO7.htm
丰台医院,https://www.haodf.com/hospital/DE4roiYGYZwWCO2LHUopZaUWW.htm
南苑医院,https://www.haodf.com/hospital/DE4rO-XCoLUXKU0MVWVmvC3uh7.htm
中国航天科工集团七三一医院,https://www.haodf.com/hospital/DE4rO-XCoLUXxp0MVWVmvC3uh7.htm
铁营医院,https://www.haodf.com/hospital/DE4roiYGYZwYZm0voi5u5tiO7.htm
丰台中西医结合医院,https://www.haodf.com/hospital/DE4roiYGYZwYZ0WuYe-Bqregr.htm
北京劲松口腔医院,https://www.haodf.com/hospital/DE4r0Fy0C9LuGXQ58VCe6Dqa9sDMfNCrT.htm
丰台妇幼保健医院,https://www.haodf.com/hospital/DE4rO-XCoLU0yqqrbc1P6dS2aO.htm
北京中诺口腔医院,https://www.haodf.com/hospital/DE4r0Fy0C9Luwm-37UO3myG0pMy6P-9em.htm
北京肿瘤医院国际诊疗中心,https://www.haodf.com/hospital/DE4r0Fy0C9LuZkvH68xcOnqa9sDMfNCrT.htm
北京博仁医院,https://www.haodf.com/hospital/DE4r0Fy0C9LuhNiUpRTOz8ReozGolC54J.htm
丰台社区卫生服务中心,https://www.haodf.com/hospital/DE4r0Fy0C9LuwlialSLzqsfJKXY-1sBh8.htm
丰台区东高地社区卫生服务中心,https://www.haodf.com/hospital/DE4r0Fy0C9LuwNgMK0HKQe0hFZqqOoERk.htm
马家堡社区卫生服务中心,https://www.haodf.com/hospital/DE4r0Fy0C9LuwNgmC1bB7VWg66K2nYytQ.htm
北京橡果口腔门诊部,https://www.haodf.com/hospital/DE4r0Fy0C9LuhnksfJcSKOccyq6vJdZnb.htm
北京嘉园儿童医院,https://www.haodf.com/hospital/DE4r0Fy0C9LuwNKnWDWLs4iUuDINgIYJg.htm
右安门社区卫生服务中心,https://www.haodf.com/hospital/DE4r0Fy0C9Luw0iOORvOh2deozGolC54J.htm
同仁京苑社区卫生服务中心,https://www.haodf.com/hospital/DE4r0Fy0C9Luw0JonJPjIoU0pMy6P-9em.htm
太平桥社区卫生服务中心,https://www.haodf.com/hospital/DE4r0Fy0C9Luwmy3rqb6rrSkLd-scFHPW.htm
首都经济贸易大学医院,https://www.haodf.com/hospital/DE4r0Fy0C9LuGRZkDzBQcBztMuLDQvLT1.htm
北京市丰台区铁营社区卫生服务中心,https://www.haodf.com/hospital/DE4r0Fy0C9LuGRZWhplL7uReozGolC54J.htm
北京市丰台区新村社区卫生服务中心,https://www.haodf.com/hospital/DE4r0Fy0C9LuGMKIWvkKWCPTs3BGmMGOc.htm
北京清华长庚医院,https://www.haodf.com/hospital/DE4r0Fy0C9LuSlZLTMgIG1ug66K2nYytQ.htm
回龙观医院,https://www.haodf.com/hospital/DE4roiYGYZw0ZWNBM4FM2b44i.htm
昌平区医院,https://www.haodf.com/hospital/DE4r0Fy0C9LugYhWz78-oNWg66K2nYytQ.htm
北京大学国际医院,https://www.haodf.com/hospital/DE4r0Fy0C9LuSYhNibOqWzwWIyvz8Kq1V.htm
昌平中医院,https://www.haodf.com/hospital/DE4rO-XCoLUmKbOakhlkqINLVW.htm
北京市昌平区中西医结合医院,https://www.haodf.com/hospital/DE4rO-XCoLUmKUXNTaJfDy6Cbc.htm
北京京都儿童医院,https://www.haodf.com/hospital/DE4r0Fy0C9LuGW-UIQFR8Tqa9sDMfNCrT.htm
北京霍普医院,https://www.haodf.com/hospital/DE4r0Fy0C9LuGNJnlhmahO94z9ZEju-cx.htm
天通苑医院,https://www.haodf.com/hospital/DE4roiYGYZw0JnbML76GGU71e.htm
昌平区妇幼保健院,https://www.haodf.com/hospital/DE4r0Fy0C9LuZRwYwaQy0Qxa9sDMfNCrT.htm
昌平城区社区卫生服务中心,https://www.haodf.com/hospital/DE4r0Fy0C9LuwNZR-qaUQu0hFZqqOoERk.htm
昌平区回龙观社区卫生服务中心,https://www.haodf.com/hospital/DE4r0Fy0C9LuwNZmL8Tox3fJKXY-1sBh8.htm
北京小汤山医院,https://www.haodf.com/hospital/DE4r0Fy0C9LuGRg0K2EoKrFhFZqqOoERk.htm
北京市昌平区南口医院,https://www.haodf.com/hospital/DE4r0Fy0C9LuGRg0i2mnCcTQH5Fy7BKbP.htm
北京惠仁口腔门诊部,https://www.haodf.com/hospital/DE4r0Fy0C9LuGmCapWZ2lhtPECdSRGpar.htm
北京市昌平区精神卫生保健院,https://www.haodf.com/hospital/DE4r0Fy0C9LuwMwW-bp1nWk8YSpIkSXQi.htm
沙河医院,https://www.haodf.com/hospital/DE4r0Fy0C9LuwN-aYho2LTqa9sDMfNCrT.htm
久闻齿科,https://www.haodf.com/hospital/DE4r0Fy0C9Luhnksfy9gi7TQH5Fy7BKbP.htm
北京市顺义区医院,https://www.haodf.com/hospital/DE4rO-XCoLU0j5cPTaJfDy6Cbc.htm
北京市顺义区中医医院,https://www.haodf.com/hospital/DE4r0Fy0C9LuZXio0K1cUsfJKXY-1sBh8.htm
北京儿童医院顺义妇儿医院,https://www.haodf.com/hospital/DE4rO-XCoLUXy1U3Urabz6vEQg.htm
北京顺义区空港医院,https://www.haodf.com/hospital/DE4r0Fy0C9LuZWxElvLhlZ7rGNzFx56fU.htm
顺义区李桥镇卫生院,https://www.haodf.com/hospital/DE4r0Fy0C9Luw0JOORVpC4G0pMy6P-9em.htm
赛德阳光口腔中央别墅区门诊部,https://www.haodf.com/hospital/DE4r0Fy0C9LuwYiENhmnGI1OdBHBTXzVa.htm
顺义仁和社区卫生服务中心,https://www.haodf.com/hospital/DE4r0Fy0C9LuwmiqqELx0zhmqEELeHuif.htm
顺义北小营社区卫生服务中心,https://www.haodf.com/hospital/DE4r0Fy0C9LuwmJOpMxsbbtPECdSRGpar.htm
顺义区牛栏山社区卫生服务中心,https://www.haodf.com/hospital/DE4r0Fy0C9LuwmjUOERxRG94z9ZEju-cx.htm
杨镇中心医院,https://www.haodf.com/hospital/DE4r0Fy0C9Luwm-3r114s6-bvK9uwpomO.htm
李遂社区卫生服务中心,https://www.haodf.com/hospital/DE4r0Fy0C9LuwmjUO0Hwi7gRNvXH4DNxe.htm
张喜庄卫生院,https://www.haodf.com/hospital/DE4r0Fy0C9LuwXCo0H9hkVnj-p35r6Dll.htm
顺义区南法信镇卫生院,https://www.haodf.com/hospital/DE4r0Fy0C9LuGMwWKOmXVRHcyq6vJdZnb.htm
顺义城区社区卫生服务中心,https://www.haodf.com/hospital/DE4r0Fy0C9LuwXC2olKsnXmiZLC3b3s8R.htm
顺义天竺社区卫生服务中心,https://www.haodf.com/hospital/DE4r0Fy0C9LuGRTHfQ7TK1ewBFNKaEMw4.htm
北京市仁和医院,https://www.haodf.com/hospital/DE4r0eJWGqZNZNx0i2o3Xaz-3cVK5Twt.htm
中国中医科学院广安门医院南区,https://www.haodf.com/hospital/DE4roiYGYZwYCpqNN8Z2K18e0.htm
北京同仁医院亦庄院区,https://www.haodf.com/hospital/DE4rO-XCoLUXCIXLPQrVFGoqUr.htm
大兴人民医院,https://www.haodf.com/hospital/DE4roiYGYZwYCObML76GGU71e.htm
北京市大兴区中西医结合医院,https://www.haodf.com/hospital/DE4rO-XCoLUmJ31ccTieBvzKOb.htm
国家康复医院,https://www.haodf.com/hospital/DE4r0Fy0C9LugNGRgn-Vw0nj-p35r6Dll.htm
爱育华妇儿医院,https://www.haodf.com/hospital/DE4r0Fy0C9LuwWJOpWxsIYEJKXY-1sBh8.htm
北京市大兴区心康医院,https://www.haodf.com/hospital/DE4rO-XCoLUmJ514tx00uSYNw1.htm
北京南郊肿瘤医院,https://www.haodf.com/hospital/DE4r0Fy0C9LuwLSLFx58PKdeozGolC54J.htm
北京京亦博爱口腔诊所,https://www.haodf.com/hospital/DE4r0Fy0C9LuGMxnkuh5p2s7CIoXi9Fjh.htm
大兴区妇幼保健院,https://www.haodf.com/hospital/DE4r0Fy0C9LuZLhRwlx7ampWIyvz8Kq1V.htm
北京齿泰华口腔（旧宫分院）,https://www.haodf.com/hospital/DE4r0Fy0C9Luw0jUoRgqlxBf3o2p0zvkj.htm
瀛海镇社区卫生服务中心,https://www.haodf.com/hospital/DE4r0Fy0C9LuwYGXL6vow18V2YMZWydg7.htm
齿泰华口腔（德贤）,https://www.haodf.com/hospital/DE4r0Fy0C9Luhnksf-sDDNNTs3BGmMGOc.htm
北京朝阳医院西院,https://www.haodf.com/hospital/DE4roiYGYZwYGlldz13dpO1a1.htm
北京大学首钢医院,https://www.haodf.com/hospital/DE4roiYGYZwYwYWuYe-Bqregr.htm
石景山医院,https://www.haodf.com/hospital/DE4roiYGYZwYw0YFEgXN3cgkJ.htm
八大处整形医院,https://www.haodf.com/hospital/DE4roiYGYZwYwNldz13dpO1a1.htm
清华大学玉泉医院,https://www.haodf.com/hospital/DE4roiYGYZwYwWNBM4FM2b44i.htm
中国中医科学院眼科医院,https://www.haodf.com/hospital/DE4roiYGYZwmJ29quPKsNiPfO.htm
北京康复医院,https://www.haodf.com/hospital/DE4rO-XCoLUX-aEWgURjIHBzPQ.htm
石景山区中医医院,https://www.haodf.com/hospital/DE4r0Fy0C9Luw0J11nkCENk8YSpIkSXQi.htm
北京未来儿童医院,https://www.haodf.com/hospital/DE4r0Fy0C9LuwYwmQ9uW8K68YSpIkSXQi.htm
石景山区古城社区卫生服务中心,https://www.haodf.com/hospital/DE4r0Fy0C9LuwNgNhUEnwXoRNvXH4DNxe.htm
金顶街社区卫生服务中心(首钢医院),https://www.haodf.com/hospital/DE4r0Fy0C9LuwNgNCnYYPKdeozGolC54J.htm
赵山社区卫生服务站,https://www.haodf.com/hospital/DE4r0Fy0C9LuwNgYiOOpyBReozGolC54J.htm
石景山区鲁谷社区卫生服务中心,https://www.haodf.com/hospital/DE4r0Fy0C9LuwYxImCp9brPTs3BGmMGOc.htm
北京潞河医院,https://www.haodf.com/hospital/DE4roiYGYZwYx0EZsOEX6TORQ.htm
北京胸科医院,https://www.haodf.com/hospital/DE4roiYGYZwYxYmS30yF9V0wc.htm
263医院,https://www.haodf.com/hospital/DE4roiYGYZw0xmaCFVHDuJVht.htm
东直门医院东区,https://www.haodf.com/hospital/DE4rO-XCoLUmJqpqaOQhHsdycT.htm
首都医科大学附属北京友谊医院通州院区,https://www.haodf.com/hospital/DE4rO-XCoLUmiqq3Urabz6vEQg.htm
通州区妇幼保健院,https://www.haodf.com/hospital/DE4roiYGYZwYxEaCFVHDuJVht.htm
通州区新华医院,https://www.haodf.com/hospital/DE4r0Fy0C9LuhnksfJcTxOccyq6vJdZnb.htm
北京市通州区第三医院,https://www.haodf.com/hospital/DE4rO-XCoLUmKENJ1t4xLBGs4w.htm
通州区中西医结合医院,https://www.haodf.com/hospital/DE4r0Fy0C9LuG0hERFjvfEnj-p35r6Dll.htm
牛堡屯社区卫生服务中心,https://www.haodf.com/hospital/DE4r0Fy0C9LuwYybpmyfhnqa9sDMfNCrT.htm
张家湾卫生院,https://www.haodf.com/hospital/DE4r0Fy0C9LuGEj768gpQFmiZLC3b3s8R.htm
北京市房山区良乡医院,https://www.haodf.com/hospital/DE4r0eJWGqZNwlgQTRe0PWS3qrtB-fTr.htm
北京燕化医院,https://www.haodf.com/hospital/DE4roiYGYZwYK0mS30yF9V0wc.htm
北京中医药大学房山医院,https://www.haodf.com/hospital/DE4rO-XCoLUXxnlJ1t4xLBGs4w.htm
中国核工业北京四〇一医院,https://www.haodf.com/hospital/DE4r0Fy0C9LuSWwliqaO-uLPECdSRGpar.htm
房山区第一医院,https://www.haodf.com/hospital/DE4r0Fy0C9LuZRKXC3pcqrewBFNKaEMw4.htm
房山区城关地区社区卫生服务中心,https://www.haodf.com/hospital/DE4r0Fy0C9LuwNgNx2aaj9COdBHBTXzVa.htm
燕山东风街道社区卫生服务中心,https://www.haodf.com/hospital/DE4r0Fy0C9LuwNgYJr3t8vpWIyvz8Kq1V.htm
房山区妇幼保健院,https://www.haodf.com/hospital/DE4r0Fy0C9LuwWhakf-VVkj7CIoXi9Fjh.htm
北京中能建医院,https://www.haodf.com/hospital/DE4r0Fy0C9LuwNgMhXHfwo7rGNzFx56fU.htm
北京市房山区韩村河镇社区卫生服务中心,https://www.haodf.com/hospital/DE4r0Fy0C9LuwmxaXx199FNTs3BGmMGOc.htm
北京市密云区医院,https://www.haodf.com/hospital/DE4r0Fy0C9LuZLGzf-tCYJfJKXY-1sBh8.htm
鼓楼社区卫生服务中心,https://www.haodf.com/hospital/DE4r0Fy0C9LuwXioIyPy2O51SHSYhq37w.htm
密云区中医医院,https://www.haodf.com/hospital/DE4r0Fy0C9LuwXKOny5fx1Bf3o2p0zvkj.htm
果园社区卫生服务中心,https://www.haodf.com/hospital/DE4r0Fy0C9LuwXxEXGopjuWg66K2nYytQ.htm
密云县妇幼保健院,https://www.haodf.com/hospital/DE4r0Fy0C9LuwLZWKO0k5dQ4z9ZEju-cx.htm
巨各庄镇社区卫生服务中心,https://www.haodf.com/hospital/DE4r0Fy0C9LuwXConydJYHhmqEELeHuif.htm
溪翁庄镇社区卫生服务中心,https://www.haodf.com/hospital/DE4r0Fy0C9LuwXj396FH21ewBFNKaEMw4.htm
密云区第二人民医院,https://www.haodf.com/hospital/DE4r0Fy0C9LuwmxonQdHUE2mqEELeHuif.htm
北京西田各庄镇社区卫生服务中心,https://www.haodf.com/hospital/DE4r0Fy0C9LuwmCIYJceTLztMuLDQvLT1.htm
密云区河南寨镇社区卫生服务中心,https://www.haodf.com/hospital/DE4r0Fy0C9LuGMwWKpWRuCBf3o2p0zvkj.htm
平谷区医院,https://www.haodf.com/hospital/DE4roiYGYZw0wWWuYe-Bqregr.htm
京中医医院平谷医院,https://www.haodf.com/hospital/DE4r0Fy0C9LuZlTLgRVXZoU0pMy6P-9em.htm
平谷区妇幼保健院,https://www.haodf.com/hospital/DE4r0Fy0C9LuZlwLTWh6r3viZLC3b3s8R.htm
平谷区王辛庄卫生服务中心,https://www.haodf.com/hospital/DE4r0Fy0C9LuwNg0CbnOjFWg66K2nYytQ.htm
平谷区精神病医院,https://www.haodf.com/hospital/DE4r0Fy0C9LuwlinNSkiWHhmqEELeHuif.htm
峪口社区卫生服务中心,https://www.haodf.com/hospital/DE4r0Fy0C9Luw0ioXHtCYCFhFZqqOoERk.htm
平谷金海湖社区卫生服务中心,https://www.haodf.com/hospital/DE4r0Fy0C9Luwmjq5U2qYzKn52sdVLS0n.htm
平谷区马坊镇社区卫生服务中心,https://www.haodf.com/hospital/DE4r0Fy0C9Luw0KmNfz-MKBf3o2p0zvkj.htm
平谷区东高村镇中心卫生院,https://www.haodf.com/hospital/DE4r0Fy0C9LuwX-bq0kZi4-bvK9uwpomO.htm
北京怀柔医院,https://www.haodf.com/hospital/DE4rO-XCoLUmJOaIQgjgKEL-rP.htm
怀柔中医院,https://www.haodf.com/hospital/DE4rO-XCoLUmi2ooRinOCoXXJe.htm
北京市怀柔区妇幼保健院,https://www.haodf.com/hospital/DE4rO-XCoLUm-rUrbc1P6dS2aO.htm
北京市怀柔区第二医院,https://www.haodf.com/hospital/DE4rO-XCoLUXyrr68JOrYZEIRi.htm
怀柔泉河社区卫生服务中心,https://www.haodf.com/hospital/DE4r0Fy0C9Luwmy3s17PvMJ1SHSYhq37w.htm
怀柔镇社区卫生服务中心,https://www.haodf.com/hospital/DE4r0Fy0C9Luwmj5sctCYkKn52sdVLS0n.htm
延庆医院,https://www.haodf.com/hospital/DE4rO-XCoLUXH76fJefaGY-Fi8.htm
北京中医医院延庆医院,https://www.haodf.com/hospital/DE4rO-XCoLUXj77PTaJfDy6Cbc.htm
延庆镇卫生院,https://www.haodf.com/hospital/DE4r0Fy0C9LuwmJ3220IT0EJKXY-1sBh8.htm
延庆区精神病医院,https://www.haodf.com/hospital/DE4r0Fy0C9Luhnksf-sfgEIQH5Fy7BKbP.htm
延庆区妇幼保健院,https://www.haodf.com/hospital/DE4r0Fy0C9LuwXKpaMPWuCug66K2nYytQ.htm
京煤集团总医院,https://www.haodf.com/hospital/DE4rO-XCoLUXj5b94wkiNDMHtx.htm
北京市门头沟区妇幼保健院,https://www.haodf.com/hospital/DE4r0Fy0C9LuwRh0H46iEz-bvK9uwpomO.htm
门头沟区中医院,https://www.haodf.com/hospital/DE4r0Fy0C9Luw0J2o0Gs1rFhFZqqOoERk.htm