"中日医院","[""三级甲等"", ""综合医院""]","朝阳区樱花东路2号(本部);朝阳区双泉堡...","[""呼吸与危重症医学科"", ""心脏内科"", ""神经科"", ""消化内科"", ""内分泌科"", ""肾内科"", ""急诊科"", ""风湿免疫科"", ""血液科"", ""综合内科"", ""胸外科"", ""普通外科（乳腺肿瘤中心）"", ""胃肠外科"", ""泌尿外科"", ""整形外科"", ""神经外科"", ""肛肠科"", ""心脏血管外科"", ""脊柱外科"", ""骨关节外科"", ""肝胆外科"", ""心血管外科"", ""创伤骨科"", ""骨科"", ""普通外科四部"", ""肺移植中心"", ""妇产科"", ""儿科"", ""妇科内分泌"", ""口腔医学中心"", ""手术麻醉科"", ""眼科"", ""中医肺病科"", ""中西医结合心脏内科"", ""耳鼻喉科"", ""皮肤病与性病科"", ""中西医结合肿瘤内科"", ""放射诊断科"", ""康复医学科"", ""中医风湿病科"", ""干部保健科"", ""中医老年病科"", ""超声诊断科"", ""中医妇科"", ""中医消化科"", ""全国疼痛诊疗中心"", ""病理科"", ""感染疾病科"", ""内分泌科中医门诊"", ""药学部"", ""检验科"", ""放射肿瘤科"", ""推拿科"", ""中医针灸科"", ""国际部激光医学中心"", ""中西医结合内科"", ""营养科"", ""男科"", ""核医学科"", ""健康体检中心"", ""毛发医学中心"", ""中医外科"", ""国际医疗部"", ""重症医学科"", ""介入超声医学科"", ""中医内科"", ""预防保健科"", ""心理咨询科"", ""口腔正畸科"", ""综合外科（创面修复与整形）""]","["" 第6名 "", ""第11名"", ""39277 万次"", ""343640 位"", ""8005"", "" 150"", ""98%""]","{""呼吸科"": ""第二名"", ""肾病科"": ""第五名"", ""肝胆外科"": ""第九名""}""中日医院","[""三级甲等"", ""综合医院""]","朝阳区樱花东路2号(本部);朝阳区双泉堡...","[""呼吸与危重症医学科"", ""心脏内科"", ""神经科"", ""消化内科"", ""内分泌科"", ""肾内科"", ""急诊科"", ""风湿免疫科"", ""血液科"", ""综合内科"", ""胸外科"", ""普通外科（乳腺肿瘤中心）"", ""胃肠外科"", ""泌尿外科"", ""整形外科"", ""神经外科"", ""肛肠科"", ""心脏血管外科"", ""脊柱外科"", ""骨关节外科"", ""肝胆外科"", ""心血管外科"", ""创伤骨科"", ""骨科"", ""普通外科四部"", ""肺移植中心"", ""妇产科"", ""儿科"", ""妇科内分泌"", ""口腔医学中心"", ""手术麻醉科"", ""眼科"", ""中医肺病科"", ""中西医结合心脏内科"", ""耳鼻喉科"", ""皮肤病与性病科"", ""中西医结合肿瘤内科"", ""放射诊断科"", ""康复医学科"", ""中医风湿病科"", ""干部保健科"", ""中医老年病科"", ""超声诊断科"", ""中医妇科"", ""中医消化科"", ""全国疼痛诊疗中心"", ""病理科"", ""感染疾病科"", ""内分泌科中医门诊"", ""药学部"", ""检验科"", ""放射肿瘤科"", ""推拿科"", ""中医针灸科"", ""国际部激光医学中心"", ""中西医结合内科"", ""营养科"", ""男科"", ""核医学科"", ""健康体检中心"", ""毛发医学中心"", ""中医外科"", ""国际医疗部"", ""重症医学科"", ""介入超声医学科"", ""中医内科"", ""预防保健科"", ""心理咨询科"", ""口腔正畸科"", ""综合外科（创面修复与整形）""]","["" 第6名 "", ""第11名"", ""39277 万次"", ""343640 位"", ""8005"", "" 150"", ""98%""]","{""呼吸科"": ""第二名"", ""肾病科"": ""第五名"", ""肝胆外科"": ""第九名""}"
"安贞医院","[""三级甲等"", ""综合医院""]","北京市朝阳区安贞路2号","[""心脏内科中心"", ""急诊危重症中心"", ""神经内科"", ""呼吸与危重症医学科"", ""消化内科·普内科"", ""内分泌科"", ""风湿免疫科"", ""肾内科"", ""感染科"", ""血液科"", ""心脏外科中心"", ""普外科"", ""血管外科"", ""骨科"", ""泌尿外科"", ""整形美容和激光医学科"", ""胸外科"", ""神经外科"", ""肛肠科"", ""小儿心脏中心外科"", ""小儿心脏中心内科"", ""妇产科"", ""胎儿心脏病母胎医学会诊中心"", ""儿科"", ""麻醉中心"", ""口腔科"", ""医学影像科"", ""耳鼻咽喉头颈外科"", ""眼科"", ""全科"", ""高血压科"", ""超声诊断科"", ""疼痛科"", ""体外循环科"", ""皮肤性病科"", ""精神心理科"", ""介入诊疗科"", ""中医理疗科"", ""临床营养科"", ""病理科"", ""神经介入科"", ""核医学科"", ""药剂科"", ""综合外科监护病房"", ""体检科"", ""输血科""]","["" 第12名 "", ""第28名"", ""29918 万次"", ""313635 位"", ""6078"", "" 48"", ""99%""]","{""小儿心脏病专科"": ""第二名"", ""心血管内科"": ""第二名"", ""心血管外科"": ""第二名"", ""血管外科"": ""第九名""}"
"北京朝阳医院","[""三级甲等"", ""综合医院""]","院本部:北京市朝阳区工人体育场南路8号...","[""心脏中心"", ""呼吸与危重症医学科"", ""神经内科"", ""消化内科"", ""内分泌科"", ""血液科"", ""综合科"", ""高压氧科"", ""肾病内科"", ""风湿免疫科"", ""急诊科"", ""感染科"", ""泌尿外科"", ""骨科"", ""普外科"", ""肝胆胰脾外科"", ""疝和腹壁外科"", ""胸外科"", ""血管外科"", ""心外科"", ""神经外科"", ""整形外科"", ""乳腺外科"", ""妇科"", ""儿科"", ""产科"", ""小儿呼吸科"", ""中医科"", ""眼科"", ""放射科"", ""口腔科"", ""耳鼻咽喉头颈外科"", ""皮肤性病科"", ""生殖中心"", ""药事部"", ""肿瘤科"", ""超声医学科"", ""临床心理科"", ""职业病科"", ""神经介入科"", ""营养科"", ""手麻科"", ""检验科"", ""外科ICU"", ""甲状腺颈部外科"", ""疼痛科"", ""病理科"", ""理疗科"", ""放疗科"", ""核医学科""]","["" 第19名 "", ""第48名"", ""19500 万次"", ""187827 位"", ""4781"", "" 59"", ""99%""]","{""呼吸科"": ""第三名"", ""血液科"": ""第八名""}"
"儿研所","[""三级甲等"", ""儿童医院""]","总院:北京市朝阳区雅宝路2号","[""呼吸内科"", ""普外科"", ""神经内科"", ""重症医学科"", ""新生儿内科"", ""血液科"", ""心血管内科"", ""消化内科"", ""皮肤科"", ""内分泌科"", ""保健科"", ""普通内科"", ""肾内科"", ""风湿免疫科"", ""小儿泌尿外科"", ""耳鼻喉科"", ""骨科"", ""感染科"", ""神经外科"", ""心脏外科"", ""变态反应(过敏)科"", ""胸部及肿瘤外科"", ""眼科"", ""药剂科"", ""口腔科"", ""检验中心"", ""中医科"", ""超声科"", ""放射科"", ""麻醉科"", ""临床营养科"", ""病理科"", ""遗传室""]","["" 第31名 "", ""第87名"", ""11932 万次"", ""160160 位"", ""4004"", "" 62"", ""98%""]","{""小儿外科"": ""第五名"", ""小儿内科"": ""第九名""}"
"战略支援部队特色医学中心（原解放军第306医院）","[""三级甲等"", ""综合医院""]","北京市朝阳区安翔北里9号（京藏高速路东...","[""神经内科"", ""心血管内科"", ""急诊部"", ""呼吸内科"", ""内分泌科"", ""消化内科"", ""血液肿瘤科"", ""老年病科"", ""普通内科"", ""肾内科"", ""免疫科"", ""高压氧科"", ""骨科"", ""普通外科"", ""神经外科"", ""心胸外科"", ""泌尿外科"", ""血管外科"", ""整形烧伤科"", ""妇产科"", ""儿科"", ""口腔科"", ""特诊科"", ""检验科"", ""中医科"", ""病理实验科"", ""皮肤科"", ""眼科"", ""军休、地方干部病房"", ""耳鼻咽喉科"", ""麻醉科"", ""药学部"", ""医学影像中心"", ""重症监护室"", ""放疗科"", ""生殖医学中心"", ""特种医学科"", ""康复医学科"", ""创面修复整形科"", ""体检中心"", ""整形美容中心"", ""超声科"", ""中医骨伤科""]","["" 第30名 "", ""12091 万次"", ""93166 位"", ""667"", "" 5"", ""99%""]","{}"
"医科院肿瘤医院","[""三级甲等"", ""肿瘤医院""]","北京市朝阳区潘家园南里17号","[""肿瘤内科"", ""放射治疗科"", ""妇科"", ""综合科"", ""骨科"", ""胸外科"", ""影像诊断科"", ""病理科"", ""头颈外科"", ""胰胃外科"", ""结直肠外科"", ""泌尿外科"", ""麻醉科"", ""乳腺外科"", ""肝胆外科"", ""介入治疗科"", ""神经外科"", ""内镜科"", ""中医科"", ""核医学科"", ""临床试验中心"", ""超声科"", ""重症加强治疗科"", ""检验科"", ""药剂科"", ""口腔科"", ""防癌科"", ""特诊科""]","["" 第29名 "", ""第83名"", ""12791 万次"", ""138782 位"", ""5530"", "" 58"", ""99%""]","{""胸外科"": ""第二名"", ""肿瘤学"": ""第四名"", ""耳鼻喉头颈外科"": ""第九名""}"
"北京妇产医院","[""三级甲等"", ""妇产医院""]","东院:北京市朝阳区姚家园路251号;西院:...","[""产科"", ""妇科"", ""妇科微创中心"", ""计划生育科"", ""产前诊断中心"", ""妇科内分泌"", ""优生咨询门诊"", ""妇科肿瘤科"", ""新生儿科"", ""生殖医学科"", ""儿童保健"", ""乳腺科"", ""中医科"", ""麻醉科"", ""放射科"", ""内科"", ""超声科"", ""妇产体检中心"", ""男科"", ""性医学门诊"", ""营养科"", ""理疗科"", ""中医男科"", ""病理科"", ""全科(轮转)""]","["" 第24名 "", ""第73名"", ""14180 万次"", ""121108 位"", ""1825"", "" 100"", ""95%""]","{""妇产科"": ""第四名""}"
"航空总医院","[""三级"", ""综合医院""]","北京市朝阳区安外北苑3号(总院);北京市...","[""心血管内科"", ""神经内科"", ""消化内科"", ""内分泌科"", ""肾病内科"", ""急诊科"", ""呼吸内科"", ""血液内科"", ""普通内科"", ""神经外科"", ""普外科"", ""骨科"", ""脊柱外科"", ""关节外科（骨三科）"", ""泌尿外科"", ""胸心血管外科"", ""创伤骨科"", ""血管外科"", ""普外乳腺科"", ""功能神经外科"", ""儿科"", ""妇科"", ""产科"", ""口腔科"", ""疼痛医学中心"", ""中医科"", ""耳鼻喉科"", ""皮肤科"", ""眼科"", ""医学影像科"", ""麻醉科"", ""心身医学科"", ""重症监护室"", ""超声科"", ""康复医学科"", ""中西医结合科"", ""肿瘤内科"", ""放疗科"", ""男科"", ""病理科"", ""检验科"", ""预防保健科"", ""介入科"", ""放射科""]","["" 第32名 "", ""11420 万次"", ""114267 位"", ""1692"", "" 9"", ""99%""]","{}"
"民航总医院","[""三级"", ""综合医院""]","北京市朝外高井甲1号","[""心血管内科"", ""神经内科"", ""内分泌科"", ""消化内科"", ""肾病内科"", ""呼吸内科"", ""老年病内科"", ""高压氧科"", ""急诊科"", ""血透中心"", ""风湿免疫科"", ""骨科"", ""泌尿外科"", ""普通外科"", ""心胸外科"", ""神经外科"", ""腺体外科"", ""肝胆外科"", ""肛肠外科"", ""血管外科"", ""腹壁疝外科"", ""整形外科"", ""儿科"", ""妇产科"", ""耳鼻咽喉头颈外科"", ""口腔科"", ""中医科"", ""眼科"", ""皮肤科"", ""康复理疗科"", ""核医学科"", ""传染科"", ""手术麻醉科"", ""疼痛科"", ""放射科"", ""检验科"", ""重症医学科"", ""药剂科"", ""前列腺科"", ""营养科""]","["" 第74名 "", ""1755 万次"", ""21414 位"", ""176"", "" 6"", ""97%""]","{}"
"北京地坛医院","[""三级甲等"", ""传染病医院""]","北京市朝阳区京顺东街8号","[""肝病中心"", ""感染性疾病诊疗中心"", ""危重症救治中心"", ""妇产科"", ""皮肤性病科"", ""骨科"", ""中西医结合一科"", ""消化内科"", ""肿瘤介入科"", ""心血管内科"", ""急诊科"", ""神经内科"", ""肿瘤内科"", ""泌尿外科"", ""肝胆外科"", ""神经外科"", ""普外科"", ""耳鼻喉科"", ""内分泌科"", ""眼科"", ""儿科"", ""麻醉科"", ""医学美容科"", ""ICU"", ""口腔科"", ""检验科"", ""综合科"", ""放射科"", ""呼吸科""]","["" 第22名 "", ""第60名"", ""16235 万次"", ""98293 位"", ""1365"", "" 14"", ""98%""]","{""感染内科"": ""第二名"", ""皮肤性病科"": ""第十名""}"
"望京医院","[""三级甲等"", ""中医医院""]","北京市朝阳区望京中环南路6号","[""肿瘤科"", ""妇科"", ""针灸（脑病）科"", ""风湿免疫科"", ""心血管内科"", ""普通内科"", ""外科"", ""肛肠科"", ""推拿科"", ""呼吸科"", ""耳鼻喉科"", ""骨伤综合科"", ""儿科"", ""皮肤科"", ""脾胃病（消化）科"", ""内分泌科肾病科"", ""男科"", ""脊柱科"", ""骨关节科"", ""创伤科"", ""眼科"", ""急诊科"", ""运动医学科（关节四科）"", ""康复科"", ""血管外科"", ""口腔科"", ""血透中心"", ""特色诊疗部"", ""麻醉科"", ""理疗科"", ""神经外科"", ""重症监护病房ICU"", ""泌尿外科"", ""感染内科"", ""心理咨询科"", ""疼痛科""]","["" 第38名 "", ""8548 万次"", ""56732 位"", ""410"", "" 11"", ""97%""]","{}"
"清华大学第一附属医院","[""三级"", ""综合医院""]","北京市朝阳区酒仙桥一街坊6号","[""心脏内科"", ""神经内科"", ""呼吸内科"", ""内分泌科"", ""消化内科"", ""感染性疾病科"", ""急诊科"", ""肾内科"", ""普通外科"", ""骨科"", ""心脏外科"", ""泌尿外科"", ""神经外科"", ""胸外科"", ""血管外科"", ""儿科"", ""妇产科"", ""小儿心内科"", ""小儿心外科"", ""皮肤性病科"", ""口腔科"", ""耳鼻喉科"", ""超声科"", ""放射影像科"", ""中医科"", ""心理咨询科"", ""麻醉科"", ""血液肿瘤科"", ""药剂科"", ""眼科"", ""预防保健科"", ""疼痛科"", ""检验科"", ""介入科"", ""病理科"", ""重症监护室"", ""职业病科"", ""体检中心"", ""核医学科""]","["" 第62名 "", ""3042 万次"", ""23187 位"", ""378"", "" 2"", ""99%""]","{}"
"应急总医院(原煤炭总医院)","[""三级"", ""综合医院""]","北京市朝阳区西坝河南里29号","[""心脏中心"", ""神经内科"", ""呼吸内科"", ""内分泌科"", ""消化内科"", ""急诊科"", ""肾内科"", ""普通内科"", ""血液内科"", ""普外肿瘤科"", ""骨科"", ""泌尿外科"", ""胸外科"", ""神经外科"", ""心脏外科"", ""儿童功能神经外科"", ""肿瘤微创治疗中心"", ""妇产科"", ""儿科"", ""眼科"", ""中医科"", ""检验科"", ""影像科"", ""耳鼻喉科"", ""药剂科"", ""口腔科"", ""功能科"", ""干部医疗科"", ""针灸科"", ""病理科"", ""介入科"", ""肿瘤内科"", ""肿瘤外科"", ""皮肤性病科"", ""麻醉科"", ""ICU"", ""理疗科"", ""职业病科"", ""心理科"", ""唇腭裂治疗中心""]","["" 第83名 "", ""1134 万次"", ""6706 位"", ""61"", "" 1"", ""98%""]","{}"
"垂杨柳医院","[""三级"", ""综合医院""]","院本部:北京市朝阳区垂杨柳南街2号;东院...","[""心内科"", ""肾内科"", ""神经内科"", ""血液科"", ""内分泌科"", ""消化科"", ""呼吸科"", ""感染内科"", ""内科疑难病"", ""老年病科"", ""骨科"", ""普外科"", ""泌尿外科"", ""神经外科"", ""胸外科"", ""矫形骨科"", ""血管外科"", ""微创肝胆外科"", ""手足外科"", ""乳腺外科"", ""心脏外科"", ""妇科"", ""产科"", ""儿科"", ""眼科"", ""中医科"", ""皮肤科"", ""耳鼻喉科"", ""口腔科"", ""生殖医学中心"", ""肿瘤科"", ""泌尿男科"", ""针灸科"", ""放射科"", ""精神与心理科"", ""理疗科"", ""超声科"", ""药剂科""]","["" 第70名 "", ""1999 万次"", ""24580 位"", ""183"", "" 2"", ""99%""]","{}"
"北京中医药大学第三附属医院","[""三级甲等"", ""综合医院""]","北京市朝阳区安定门外小关街51号","[""急诊科"", ""创伤关节科"", ""微创关节科"", ""脊柱科"", ""手足外科"", ""乳腺外科"", ""普通外科"", ""泌尿外科"", ""神经外科"", ""中医科"", ""脑病科"", ""脾胃病科"", ""妇科"", ""肿瘤中心"", ""血液科"", ""儿科"", ""皮肤科"", ""眼科"", ""呼吸内科"", ""针灸科"", ""心血管科"", ""针灸微创肿瘤科"", ""筋伤科"", ""内分泌科"", ""特需、老年病科"", ""治未病中心"", ""康复科"", ""男科"", ""肾病科"", ""口腔科"", ""耳鼻喉科"", ""脊柱、关节科"", ""风湿免疫科"", ""保健科""]","["" 第43名 "", ""7577 万次"", ""51249 位"", ""208"", "" 5"", ""97%""]","{}"
"北京和睦家医院","[""综合医院""]","总院:北京朝阳区将台路2号;启望肿瘤中心...","[""内科"", ""急诊科"", ""心脏中心"", ""神经内科"", ""消化内科"", ""外科"", ""神经外科"", ""泌尿外科"", ""乳腺外科"", ""肛肠外科"", ""骨科"", ""创伤骨科"", ""胸外科"", ""整形科"", ""儿科"", ""妇产科"", ""小儿心外科"", ""小儿外科"", ""小儿心内科"", ""全科"", ""口腔科"", ""麻醉科"", ""康复科"", ""启望肿瘤中心"", ""心理咨询中心"", ""皮肤科"", ""医学影像科"", ""眼科"", ""耳鼻喉科"", ""检验科"", ""中医科"", ""疼痛门诊"", ""精神科"", ""乳腺肿瘤内科"", ""颌面外科"", ""头颈外科"", ""肝病科"", ""放疗科""]","["" 第67名 "", ""2495 万次"", ""15113 位"", ""70"", "" 0"", ""100%""]","{}"
"北医三院机场院区","[""三级甲等"", ""综合医院""]","北京市朝阳区岗山路9号","[""神经内科"", ""心血管内科"", ""内分泌科"", ""呼吸科"", ""肾病内科"", ""消化内科"", ""普通外科"", ""骨科"", ""神经外科"", ""泌尿外科"", ""骨关节科"", ""妇科"", ""儿科"", ""口腔科"", ""眼科"", ""皮肤科"", ""中医科"", ""运动医学科"", ""耳鼻喉"", ""超声科"", ""疼痛科"", ""生殖中心""]","["" 第272名 "", ""3 万次"", ""54 位"", ""11"", "" 0"", ""100%""]","{}"
"北大口腔医院第二门诊部","[""三级甲等"", ""口腔医院""]","朝阳区亚运村安立路66号安立花园A2-B5","[""口腔综合科"", ""种植科"", ""修复科"", ""牙周科"", ""正畸科"", ""牙体牙髓科"", ""口腔外科"", ""儿童口腔科"", ""口腔预防科""]","["" 第79名 "", ""1293 万次"", ""10924 位"", ""333"", "" 1"", ""99%""]","{}"
"北京第一中西医结合医院","[""三级甲等"", ""中医医院""]","CBD院区:北京市朝阳区金台路13号内2号;...","[""针灸科"", ""中医科"", ""泌尿男科"", ""心内科"", ""妇产科"", ""外科"", ""内分泌科"", ""眼科"", ""脑病科"", ""消化内科"", ""儿科"", ""重症监护病房（ICU）"", ""皮肤科"", ""治未病中心"", ""精神心理科"", ""营养科"", ""内六科（东坝院区）"", ""肾病内科"", ""呼吸内科"", ""骨伤科"", ""康复医学科"", ""病理科"", ""急诊科"", ""放射科"", ""感染科"", ""超声影像科"", ""神经外科"", ""泌尿外科"", ""耳鼻喉科"", ""口腔科""]","["" 第101名 "", ""449 万次"", ""5207 位"", ""101"", "" 0"", ""100%""]","{}"
"北京瑞泰口腔医院","[""口腔医院""]","北京市朝阳区北苑路天居园1号（华堂商场...","[""综合科"", ""口腔儿科"", ""特需科"", ""正畸科"", ""牙体牙髓科"", ""种植科"", ""牙周综合治疗中心"", ""口腔修复科""]","["" 第158名 "", ""100 万次"", ""1806 位"", ""195"", "" 0"", ""100%""]","{}"
"北京亚运村美中宜和妇儿医院","[""妇产医院""]","朝阳区安慧北里逸园5号楼","[""产科"", ""妇科"", ""生殖中心"", ""口腔科"", ""儿科""]","["" 第133名 "", ""206 万次"", ""6988 位"", ""25"", "" 0"", ""100%""]","{}"
"朝阳区妇儿医院","[""二级甲等"", ""妇产医院""]","北京市朝阳区潘家园华威里25号","[""妇产科"", ""孕产保健科"", ""儿科"", ""乳腺科"", ""麻醉科"", ""眼科"", ""内科"", ""儿保科"", ""超声影像科"", ""妇女保健科""]","["" 第119名 "", ""300 万次"", ""3014 位"", ""20"", "" 1"", ""95%""]","{}"
"朝阳区第三医院","[""二级"", ""精神病医院""]","北京市朝阳区双桥南路甲8号","[""精神科"", ""中医精神科"", ""心理科""]","["" 第93名 "", ""656 万次"", ""2765 位"", ""10"", "" 0"", ""100%""]","{}"
"中国聋儿康复研究中心听力门诊部","[""康复医院""]","北京朝阳区惠新里甲8号（高原街）","[""眼耳鼻喉科"", ""医学影像科"", ""心理咨询科"", ""口腔科""]","["" 第336名 "", ""6603 次"", ""0 位"", ""2"", "" 0"", ""100%""]","{}"
"北京爱尔英智眼科医院 ","[""眼科医院""]","北京市朝阳区潘家园南里12号潘家园大厦...","[""眼科"", ""屈光科""]","["" 第66名 "", ""2554 万次"", ""22460 位"", ""87"", "" 0"", ""100%""]","{}"
"北京优联眼耳鼻喉医院","[""综合医院""]","北京市朝阳区东四环南路53号院7号楼","[""鼻科"", ""耳鼻喉科"", ""眼科"", ""角膜科"", ""头颈外科"", ""口腔科""]","["" 第151名 "", ""117 万次"", ""869 位"", ""0"", "" 0"", ""0%""]","{}"
"北京德倍尔口腔门诊部","[""口腔医院""]","北京市朝阳区将台路6号丽都广场内B-301","[""口腔修复科"", ""种植科"", ""正畸科"", ""颌面外科"", ""牙体牙髓科"", ""口腔科""]","["" 第127名 "", ""244 万次"", ""2589 位"", ""71"", "" 0"", ""100%""]","{}"
"北大口腔四门诊","[""三级甲等"", ""口腔医院""]","北京市朝阳区东四环中路41号嘉泰国际大...","[""口腔修复科"", ""口腔种植科"", ""牙体牙髓科"", ""牙周科"", ""颌面外科"", ""正畸科""]","["" 第143名 "", ""157 万次"", ""1755 位"", ""30"", "" 0"", ""100%""]","{}"
"梅瑞口腔中海店","[""口腔医院""]","北京市朝阳区光华东里8号院中海广场商业...","[""种植科"", ""牙体牙髓科"", ""儿童口腔科"", ""口腔科"", ""口腔颌面外科"", ""美容牙科"", ""正畸科"", ""牙周科""]","["" 第362名 "", ""2004 次"", ""0 位"", ""0"", "" 0"", ""0%""]","{}"
"维世达诊所","[""综合医院""]","北京市朝阳区光华路一号嘉里中心商场三...","[""骨科"", ""小儿呼吸科"", ""小儿皮肤科"", ""小儿泌尿外科"", ""小儿骨科"", ""肝病科"", ""口腔科"", ""精神科"", ""卵巢早衰&盆底病门诊""]","["" 第387名 "", ""0 次"", ""0 位"", ""0"", "" 0"", ""0%""]","{}"
"双桥医院","[""二级"", ""综合医院""]","北京市朝阳区双桥东路","[""晕病科"", ""呼吸科"", ""急诊科"", ""肾病内科"", ""心血管内科"", ""泌尿外科"", ""普外科"", ""妇产科"", ""功能科"", ""眼科"", ""中医科"", ""针灸科"", ""耳鼻喉科""]","["" 第215名 "", ""16 万次"", ""77 位"", ""1"", "" 0"", ""100%""]","{}"
"北京朝阳急诊抢救中心","[""三级"", ""综合医院""]","南区:北京市朝阳区大羊坊路519号","[""神经内科"", ""呼吸科"", ""急诊科"", ""肾病内科"", ""矫形骨科"", ""骨科"", ""手外科"", ""烧伤科""]","["" 第113名 "", ""334 万次"", ""7116 位"", ""7"", "" 0"", ""100%""]","{}"
"赛德阳光口腔国贸门诊部","[""口腔医院""]","北京市朝阳区建国路93号院 万达广场19号...","[""正畸科"", ""口腔科"", ""种植科"", ""儿童口腔科"", ""口腔修复科""]","["" 第234名 "", ""10 万次"", ""105 位"", ""3"", "" 0"", ""100%""]","{}"
"北京惠爱口腔门诊部","[""口腔医院""]","北京市朝阳区望京南湖中园317号楼思源大...","[""口腔种植科"", ""正畸科"", ""口腔全科"", ""口腔粘膜科"", ""口腔修复科"", ""口腔颌面外科"", ""牙周科"", ""口腔肿瘤科"", ""牙体牙髓科"", ""儿童口腔科""]","["" 第417名 "", ""0 次"", ""0 位"", ""0"", "" 0"", ""0%""]","{}"
"北京圣贝口腔门诊部","[""口腔医院""]","北京市朝阳区百子湾家园C区310号楼","[""口腔科"", ""口腔修复科"", ""正畸科""]","["" 第258名 "", ""4 万次"", ""34 位"", ""0"", "" 0"", ""0%""]","{}"
"菁品联合丽格口腔","[""口腔医院""]","北京市朝阳区广渠路37号院1号楼116号（...","[""口腔科"", ""颌面外科"", ""口腔修复科""]","["" 第180名 "", ""56 万次"", ""260 位"", ""0"", "" 0"", ""0%""]","{}"
"美中宜和综合门诊","[""综合医院""]","北京市朝阳区安慧北里逸园3号楼(北苑路...","[""消化内科"", ""心血管内科"", ""肾病内科"", ""外科"", ""小儿心内科"", ""妇科"", ""儿科"", ""正畸科"", ""耳鼻喉科"", ""精神科"", ""心理科"", ""口腔科"", ""皮肤科""]","["" 第389名 "", ""0 次"", ""2739 位"", ""10"", "" 0"", ""100%""]","{}"
"北京联合丽格第一医疗美容医院","[]","北京市朝阳区广渠路37号院1号楼106、20...","[""美容外科"", ""眼整形"", ""美容皮肤科""]","["" 第98名 "", ""514 万次"", ""13631 位"", ""221"", "" 3"", ""98%""]","{}"
"张强医生集团国际静脉病中心","[]","行政总部：上海市静安区北京西路1701号","[""国际静脉病中心""]","["" 第49名 "", ""1329 万次"", ""8448 位"", ""0"", "" 0"", ""0%""]","{}"
"北大口腔五门诊","[""三级甲等"", ""口腔医院""]","北京市朝阳区朝阳门外吉庆里14号佳汇国...","[""口腔综合科"", ""正畸科"", ""儿童口腔科"", ""牙体牙髓科"", ""种植科"", ""口腔修复科""]","["" 第125名 "", ""247 万次"", ""1619 位"", ""30"", "" 0"", ""100%""]","{}"
"赛德阳光口腔三元桥门诊部","[""口腔医院""]","北京市朝阳区曙光西里甲6号时间国际A座...","[""口腔正畸科"", ""口腔科"", ""种植科"", ""儿童口腔科""]","["" 第216名 "", ""16 万次"", ""301 位"", ""23"", "" 0"", ""100%""]","{}"
"普瑞美口腔","[""口腔医院""]","北京市三里屯SOHO5号商场1层5-105-1","[""颌面外科"", ""正畸科"", ""牙周科"", ""口腔综合科""]","["" 第149名 "", ""122 万次"", ""4078 位"", ""193"", "" 0"", ""100%""]","{}"
"南磨房社区卫生服务中心","[""一级"", ""综合医院""]","北京市朝阳区双龙南里101楼","[""全科""]","["" 第188名 "", ""40 万次"", ""247 位"", ""0"", "" 0"", ""0%""]","{}"
"北京合生口腔门诊部","[""口腔医院""]","北京市朝阳区双井富力城 麦乐迪西80米","[""口腔修复科"", ""口腔正畸科"", ""牙齿美白"", ""口腔科"", ""口腔种植科""]","["" 第312名 "", ""1 万次"", ""56 位"", ""1"", "" 0"", ""100%""]","{}"
"八里庄第二社区卫生服务中心","[""一级"", ""综合医院""]","北京市朝阳区十里堡东里119","[""康复科"", ""全科""]","["" 第194名 "", ""32 万次"", ""124 位"", ""1"", "" 0"", ""100%""]","{}"
"垡头社区卫生服务中心","[""一级"", ""综合医院""]","朝阳区垡头金蝉北里19号楼","[""全科"", ""口腔科""]","["" 第251名 "", ""5 万次"", ""4 位"", ""0"", "" 0"", ""0%""]","{}"
"北京禾普诊所","[""综合医院""]","北京市朝阳区双井富力城天力街1号楼1层...","[""疼痛科""]","["" 第130名 "", ""217 万次"", ""842 位"", ""0"", "" 0"", ""0%""]","{}"
"新和齿科","[""口腔医院""]","北京市朝阳区西坝河南路1号金泰大厦105...","[""综合科"", ""牙体牙髓科"", ""口腔修复科""]","["" 第58名 "", ""3362 万次"", ""21257 位"", ""74"", "" 0"", ""100%""]","{}"
"北京英迪口腔门诊部","[""口腔医院""]","北京市朝阳区建国路93号院万达广场19号...","[""口腔正畸科"", ""口腔科"", ""种植科"", ""口腔修复科"", ""牙周科"", ""颌面外科""]","["" 第304名 "", ""1 万次"", ""6 位"", ""3"", "" 0"", ""100%""]","{}"
"潘家园医院","[""一级"", ""综合医院""]","北京市朝阳区松榆里22号","[""普通内科"", ""全科""]","["" 第256名 "", ""4 万次"", ""5 位"", ""0"", "" 0"", ""0%""]","{}"
"北京劲松社区卫生服务中心","[""一级"", ""综合医院""]","北京市朝阳区劲松五区501楼","[""全科""]","["" 第252名 "", ""5 万次"", ""47 位"", ""0"", "" 0"", ""0%""]","{}"
"朝阳区团结湖社区中心","[""一级"", ""综合医院""]","北京市朝阳区团结湖北三条7号楼","[""全科""]","["" 第200名 "", ""27 万次"", ""182 位"", ""0"", "" 0"", ""0%""]","{}"
"北京市朝阳区双井社区卫生服务中心","[""综合医院""]","北京市朝阳区广渠门外大街31号(双花园西...","[""全科"", ""中医科""]","["" 第233名 "", ""10 万次"", ""228 位"", ""0"", "" 0"", ""0%""]","{}"
"北京圣德口腔门诊部","[""口腔医院""]","北京市朝阳区广渠门外大街7号院13号楼2...","[""口腔科"", ""口腔颌面外科""]","["" 第299名 "", ""1 万次"", ""16 位"", ""2"", "" 0"", ""100%""]","{}"
"朝阳区中医医院","[""二级甲等"", ""中医医院""]","北京市朝阳区工体南路6号","[""皮肤科"", ""中医骨科"", ""骨科""]","["" 第289名 "", ""2 万次"", ""9 位"", ""2"", "" 0"", ""100%""]","{}"
"北京泰和国医中医诊所","[""中医医院""]","北京市朝阳区新东路12号院首开铂郡南区...","[""中医按摩科"", ""中医心内科"", ""脑病科"", ""中医内科"", ""中医妇产科"", ""儿科"", ""眼科"", ""免疫科""]","["" 第683名 "", ""0 次"", ""0 位"", ""0"", "" 0"", ""0%""]","{}"
"臻齿口腔","[""口腔医院""]","北京市朝阳区白家庄东里23号锦湖中心一...","[""种植科"", ""颌面外科"", ""牙周科"", ""正畸科"", ""口腔科""]","["" 第714名 "", ""0 次"", ""0 位"", ""0"", "" 0"", ""0%""]","{}"
"东坝社区卫生服务中心","[""综合医院""]","北京市朝阳区康各庄路东坝郊野公园北门...","[""全科"", ""口腔科""]","["" 第294名 "", ""1 万次"", ""18 位"", ""0"", "" 0"", ""0%""]","{}"
"","[]","","[]","[]","{}"
"爱康体检宝","[]","总部地址:北京市朝阳区建国路甲92号世茂...","[""口腔科"", ""检验科"", ""体检科""]","["" 第327名 "", ""7562 次"", ""0 位"", ""0"", "" 0"", ""0%""]","{}"
"北京倪氏嘉德口腔门诊部","[""口腔医院""]","北京市朝阳区朝阳北路道家园19号","[""种植科"", ""正畸科"", ""口腔修复科""]","["" 第305名 "", ""1 万次"", ""5 位"", ""3"", "" 0"", ""100%""]","{}"
"卓马口腔","[""口腔医院""]","北京市朝阳区望京东园七区6-1","[""口腔全科"", ""种植科""]","["" 第268名 "", ""3 万次"", ""19 位"", ""4"", "" 0"", ""100%""]","{}"
"有明中医","[""骨科医院""]","北京市朝阳区双柳北街1号院14号楼108","[""中医骨科""]","["" 第208名 "", ""22 万次"", ""1055 位"", ""36"", "" 1"", ""97%""]","{}"
"正方形口腔","[""口腔医院""]","北京市朝阳区亮马桥路甲40号1幢1层101内...","[""儿科"", ""正畸科""]","["" 第282名 "", ""2 万次"", ""4 位"", ""0"", "" 0"", ""0%""]","{}"
"斯迈尔齿科","[""口腔医院""]","北京市朝阳区双井百环家园南门往西100米...","[""口腔正畸科"", ""颌面外科，种植科""]","["" 第313名 "", ""1 万次"", ""30 位"", ""19"", "" 0"", ""100%""]","{}"
"北京市朝阳区望京社区卫生服务中心","[""一级甲等"", ""综合医院""]","北京市朝阳区望花路西里14号","[""全科"", ""眼科""]","["" 第279名 "", ""3 万次"", ""6 位"", ""1"", "" 0"", ""100%""]","{}"
"六里屯社区卫生服务中心","[""综合医院""]","北京市朝阳区水碓子东路15号","[""全科""]","["" 第227名 "", ""11 万次"", ""40 位"", ""2"", "" 0"", ""100%""]","{}"
"太阳宫社区卫生服务中心","[""一级"", ""综合医院""]","北京市朝阳区光熙门北里34-1号","[""全科""]","["" 第184名 "", ""47 万次"", ""186 位"", ""2"", "" 0"", ""100%""]","{}"
"朝阳区小红门社区卫生服务中心","[""一级"", ""综合医院""]","北京市朝阳区鸿博家园五区临2号","[""全科""]","["" 第397名 "", ""0 次"", ""0 位"", ""0"", "" 0"", ""0%""]","{}"
"酒仙桥社区卫生服务中心","[""综合医院""]","北京市朝阳区酒仙桥十街坊6号","[""全科""]","["" 第240名 "", ""7 万次"", ""13 位"", ""0"", "" 0"", ""0%""]","{}"
"北京幸福嘉园定福庄门诊部","[""儿童医院""]","北京市朝阳区定福庄北街23号（东领鉴筑...","[""感染科"", ""血液科""]","["" 第401名 "", ""0 次"", ""0 位"", ""0"", "" 0"", ""0%""]","{}"
"北京市老年病医院","[""二级甲等""]","北京市朝阳区华严北里甲2号","[""内科""]","["" 第333名 "", ""7152 次"", ""10 位"", ""2"", "" 0"", ""100%""]","{}"
"同心口腔","[""口腔医院""]","北京市朝阳区来广营镇水岸南街16号楼一...","[""口腔科""]","["" 第349名 "", ""4981 次"", ""0 位"", ""0"", "" 0"", ""0%""]","{}"
"","[]","","[]","[]","{}"
"北京百汇朝外诊所","[""综合医院""]","北京市朝阳区朝阳门外大街甲6号万通中心...","[""普儿科及儿科心内科"", ""中医科""]","["" 第438名 "", ""0 次"", ""0 位"", ""0"", "" 0"", ""0%""]","{}"
"华景齿科","[""口腔医院""]","北京市朝阳区望京中环南路甲2号1层2-B","[""口腔科"", ""颌面外科"", ""口腔修复科""]","["" 第426名 "", ""0 次"", ""0 位"", ""0"", "" 0"", ""0%""]","{}"
"北京市红十字会急救中心","[""三级"", ""综合医院""]","北京市朝阳区德胜门外清河东路1号","[""重症监护室""]","["" 第330名 "", ""7267 次"", ""0 位"", ""0"", "" 0"", ""0%""]","{}"
"北京新世纪妇儿医院","[""妇产医院""]","北京市朝阳区望京北路51号院","[""产科"", ""妇科"", ""乳腺外科"", ""儿科内分泌科"", ""生长发育专科""]","["" 第384名 "", ""0 次"", ""0 位"", ""0"", "" 0"", ""0%""]","{}"
"黑庄户社区卫生服务中心","[""一级"", ""综合医院""]","朝阳区黑庄户乡黑庄户医院","[""普通内科""]","["" 第334名 "", ""6987 次"", ""1 位"", ""0"", "" 0"", ""0%""]","{}"
"北京市朝阳区安贞社区卫生服务中心","[""综合医院""]","北京市朝阳区黄寺大街安华西里二区","[""针灸科""]","["" 第668名 "", ""0 次"", ""0 位"", ""0"", "" 0"", ""0%""]","{}"
"东里医院","[""一级甲等"", ""综合医院""]","北京市朝阳区管庄东里1号","[""全科""]","["" 第342名 "", ""5736 次"", ""0 位"", ""0"", "" 0"", ""0%""]","{}"
"双井街道九龙南社区卫生服务站","[""一级"", ""综合医院""]","北京市朝阳区广渠路31号","[""全科""]","["" 第315名 "", ""1 万次"", ""8 位"", ""0"", "" 0"", ""0%""]","{}"
"王四营社区卫生服务中心","[""一级"", ""综合医院""]","北京市朝阳区王四营乡","[""全科""]","["" 第288名 "", ""2 万次"", ""22 位"", ""0"", "" 0"", ""0%""]","{}"
"北京市朝阳区孙河社区卫生服务中心","[""一级"", ""综合医院""]","北京市朝阳区孙河乡西甸村中街","[""肾病内科""]","["" 第359名 "", ""2357 次"", ""1 位"", ""1"", "" 0"", ""100%""]","{}"
"北京急救中心","[""三级甲等"", ""综合医院""]","北京前门西大街103号","[""急诊科""]","["" 第293名 "", ""1 万次"", ""0 位"", ""0"", "" 0"", ""0%""]","{}"
"朝阳区金盏医院","[""一级甲等"", ""综合医院""]","北京市朝阳区金盏大街2号","[""疼痛科""]","["" 第355名 "", ""3639 次"", ""0 位"", ""0"", "" 0"", ""0%""]","{}"
"北京市朝阳区亚运村社区卫生服务中心","[""一级甲等"", ""综合医院""]","北京市朝阳区安慧里一区17号楼","[""骨科""]","["" 第179名 "", ""57 万次"", ""1689 位"", ""3"", "" 0"", ""100%""]","{}"
"北京市朝阳区望京街道南湖中园社区卫生服务站","[""一级"", ""综合医院""]","朝阳区望京街道南湖中园小区203楼西侧","[""全科""]","["" 第331名 "", ""7216 次"", ""0 位"", ""0"", "" 0"", ""0%""]","{}"
"北京市朝阳区望京街道花家地西里社区卫生服务站","[""一级"", ""综合医院""]","北京市朝阳区望京小区花家地西里208楼1...","[""全科""]","["" 第218名 "", ""15 万次"", ""49 位"", ""0"", "" 0"", ""0%""]","{}"
"北京市朝阳区亚运村街道安翔里社区卫生服务站","[""一级"", ""综合医院""]","北京市朝阳区亚运村安翔路安翔里社区1号...","[""全科""]","["" 第231名 "", ""10 万次"", ""8 位"", ""0"", "" 0"", ""0%""]","{}"
"","[]","","[]","[]","{}"
"骨卫士","[""综合医院""]","北京市朝阳区建国门外大街丙24号京泰大...","[""骨科""]","["" 第360名 "", ""2304 次"", ""81 位"", ""0"", "" 0"", ""0%""]","{}"
"北京301医院","[""三级甲等"", ""综合医院""]","北京市海淀区复兴路28号","[""心血管内科"", ""神经内科"", ""呼吸科"", ""消化内科"", ""肾脏病科"", ""内分泌科"", ""血液病科"", ""风湿科"", ""急诊科"", ""老年心内科"", ""发热疾病科"", ""高压氧科"", ""骨科"", ""普通外科"", ""肝胆外科"", ""神经外科"", ""泌尿外科"", ""胸外科"", ""心血管外科"", ""整形修复科"", ""血管外科"", ""创伤骨科"", ""功能神经外科"", ""妇产科"", ""小儿内科"", ""小儿骨外科"", ""小儿普外科"", ""口腔科"", ""耳鼻咽喉头颈外科"", ""肿瘤内科"", ""超声医学科"", ""眼科"", ""中医科"", ""皮肤科"", ""麻醉手术中心"", ""康复医学中心"", ""病理科"", ""放射诊断科"", ""健康管理研究院"", ""针灸科"", ""肝胆胰肿瘤外科"", ""放射治疗科"", ""介入放射科"", ""检验科"", ""介入超声科"", ""疼痛治疗科"", ""普通外二科"", ""营养科"", ""激光医学科"", ""核医学科"", ""医学心理科"", ""重症医学科"", ""医学部临床药学中心"", ""生物治疗科"", ""创面治疗中心"", ""男科"", ""中医肛肠科"", ""口腔颌面外科"", ""输血科""]","["" 第3名 "", ""第4名"", ""58854 万次"", ""739950 位"", ""19994"", "" 333"", ""98%""]","{""风湿免疫科"": ""第一名"", ""神经内科"": ""第三名"", ""肾病科"": ""第三名"", ""消化内科"": ""第三名"", ""心血管内科"": ""第三名"", ""耳鼻喉头颈外科"": ""第四名"", ""肝胆外科"": ""第四名"", ""骨科(含运动医学)"": ""第四名"", ""神经外科"": ""第四名"", ""呼吸科"": ""第五名"", ""内分泌科"": ""第五名"", ""肿瘤学"": ""第七名"", ""血管外科"": ""第八名""}"
"北医三院","[""三级甲等"", ""综合医院""]","北京市海淀区花园北路49号(本院)；北京...","[""心血管内科"", ""消化科"", ""神经内科"", ""呼吸与危重症医学科"", ""内分泌科"", ""肾病内科"", ""风湿免疫科"", ""老年内科"", ""急诊科"", ""血液内科"", ""普通内科"", ""感染疾病科"", ""骨科"", ""普通外科"", ""泌尿外科"", ""成形外科(整形外科)"", ""神经外科"", ""介入血管外科"", ""心脏外科"", ""胸外科"", ""骨关节外科"", ""创伤骨科"", ""肛肠科"", ""骨质疏松科"", ""儿科"", ""妇科"", ""产科"", ""计划生育科"", ""眼科"", ""运动医学科"", ""口腔科"", ""皮肤科"", ""耳鼻喉科"", ""生殖医学中心"", ""康复医学中心"", ""放射科"", ""中医科"", ""超声诊断科"", ""病理科"", ""肿瘤放疗科"", ""肿瘤化疗科"", ""药剂科"", ""男科"", ""麻醉科"", ""疼痛医学中心"", ""职业病科"", ""检验科"", ""危重医学科"", ""核医学科(核素治疗门诊)"", ""心理咨询科"", ""营养科"", ""伤口治疗中心"", ""疼痛及肿瘤CT介入门诊"", ""体检中心"", ""皮肤美容科"", ""针灸科""]","["" 第2名 "", ""第3名"", ""63317 万次"", ""559599 位"", ""14653"", "" 218"", ""98%""]","{""骨科(含运动医学)"": ""第一名"", ""泌尿外科"": ""第一名"", ""风湿免疫科"": ""第二名"", ""消化内科"": ""第六名"", ""烧伤整形科"": ""第九名""}"
"解放军总医院第三医学中心(原武警总医院)","[""三级甲等"", ""综合医院""]","北京市海淀区永定路69号","[""心内科"", ""呼吸内科"", ""消化内科"", ""内分泌科"", ""神经内科"", ""急诊科"", ""肾内科"", ""老年病科"", ""过敏反应科"", ""感染内科"", ""血液科"", ""普通内科"", ""高压氧科"", ""神经外科"", ""脊柱外科"", ""肝胆胰外科/器官移植科"", ""骨关节科"", ""泌尿外科"", ""普通外科"", ""肛肠病研究所"", ""心血管外科"", ""骨软骨科"", ""胸外科"", ""乳腺专科"", ""功能神经外科"", ""烧伤整形科"", ""骨科"", ""妇产科"", ""儿科"", ""口腔科"", ""眼科"", ""肿瘤科"", ""耳鼻喉科"", ""放射科"", ""超声诊断科"", ""中医科"", ""干部诊疗科"", ""麻醉科"", ""检验科"", ""眼眶病研究所"", ""中西医结合科"", ""重症监护室"", ""皮肤性病科"", ""PET科"", ""疼痛科"", ""营养科"", ""药剂科"", ""护理咨询"", ""放疗部"", ""影像科"", ""脊髓空洞症科"", ""体检中心"", ""纳米医学研究所"", ""康复医学科""]","["" 第33名 "", ""第93名"", ""10989 万次"", ""110749 位"", ""737"", "" 7"", ""99%""]","{}"
"中国中医科学院西苑医院","[""三级甲等"", ""中医医院""]","北京市海淀区西苑操场1号(颐和园东侧)","[""综合科"", ""心血管科"", ""消化科（脾胃病科）"", ""脑病科"", ""血液科"", ""肺病科"", ""妇科"", ""老年科"", ""肾病科"", ""儿科"", ""内分泌科"", ""皮肤科"", ""肿瘤科"", ""骨伤科"", ""风湿病科"", ""男科"", ""中医外科"", ""针灸科"", ""肝病科"", ""肛肠科"", ""耳鼻喉科"", ""感染疾病科"", ""气功推拿科"", ""不孕不育科"", ""口腔科"", ""泌尿外科"", ""急诊科"", ""理疗科"", ""眼科"", ""周围血管病科"", ""创伤科"", ""体检、治未病中心"", ""麻醉科"", ""放射科"", ""超声科"", ""心理咨询科"", ""特需医疗部"", ""病理科""]","["" 第11名 "", ""第27名"", ""30142 万次"", ""272226 位"", ""3976"", "" 95"", ""97%""]","{""中医科"": ""第五名""}"
"世纪坛医院","[""三级甲等"", ""综合医院""]","北京市海淀区羊坊店铁医路10号","[""神经内科"", ""心血管内科"", ""消化内科"", ""内分泌科"", ""变态反应科"", ""急诊科"", ""风湿免疫科"", ""呼吸与危重症医学科"", ""血液内科"", ""肾病内科"", ""感染科"", ""骨外科"", ""胃肠肝胆肿瘤外科(普通外科一病区)"", ""泌尿外科"", ""淋巴外科"", ""整形外科"", ""乳腺疾病诊疗中心"", ""神经外科"", ""胸外科"", ""血管外科"", ""结直肠肿瘤外科"", ""心脏外科"", ""胃肠外科"", ""脊柱外科"", ""矫形骨科"", ""关节外科"", ""儿科"", ""妇科"", ""产科"", ""新生儿科"", ""口腔科"", ""干部医疗科"", ""超声诊断科"", ""医学检验科"", ""肿瘤外科"", ""耳鼻咽喉头颈外科"", ""中医骨科"", ""肿瘤内科"", ""中医科"", ""麻醉科"", ""放射科"", ""眼科"", ""皮肤性病科"", ""病理科"", ""放疗科"", ""介入治疗科"", ""针灸科"", ""疼痛科"", ""中医肛肠"", ""理疗科"", ""职工保健科"", ""淋巴肿瘤科"", ""营养科"", ""加强医疗科（ICU）"", ""药剂科"", ""核医学科"", ""精神科"", ""中医男科"", ""男科"", ""健康体检中心""]","["" 第34名 "", ""第98名"", ""10174 万次"", ""68769 位"", ""744"", "" 13"", ""98%""]","{}"
"北京大学第三医院海淀院区","[""三级"", ""综合医院""]","北京市海淀区中关村大街29号（海淀黄庄...","[""神经内科"", ""心血管内科"", ""呼吸内科"", ""消化内科"", ""内分泌科"", ""急诊医学科"", ""肾脏内科"", ""老年内科"", ""感染性疾病科"", ""风湿免疫科"", ""肿瘤血液科"", ""综合内科"", ""高压氧科"", ""普通外科"", ""骨科"", ""神经外科"", ""胸外科"", ""泌尿外科"", ""微创脊柱科"", ""功能神经科"", ""整形外科"", ""肝胆外科"", ""血管外科"", ""妇产科"", ""儿科"", ""口腔科"", ""超声诊断科"", ""重症医学科"", ""中医科"", ""麻醉科"", ""眼科"", ""放射科"", ""病理科"", ""耳鼻咽喉头颈科"", ""皮肤性病科"", ""康复科"", ""全科"", ""精神科"", ""检验科"", ""药剂科"", ""伤口治疗中心""]","["" 第73名 "", ""1835 万次"", ""24643 位"", ""598"", "" 4"", ""99%""]","{}"
"解放军总医院第四医学中心(原304医院)","[""三级甲等"", ""综合医院""]","北京市海淀区阜成路51号","[""老年心内科"", ""心内科"", ""神经内科"", ""急诊科"", ""肾内科"", ""呼吸科"", ""消化科"", ""血液科"", ""内分泌"", ""风湿科"", ""普通内科"", ""骨科"", ""烧伤整形科"", ""神经外科"", ""普通外科"", ""肝胆外科"", ""泌尿外科"", ""胸心外科"", ""脊柱外科"", ""妇产科"", ""儿科"", ""口腔科"", ""超声诊断科"", ""皮肤科"", ""耳鼻喉科"", ""麻醉科"", ""肿瘤内科"", ""老年肿瘤科"", ""中医科"", ""眼科"", ""病理科"", ""重症监护室"", ""检验科"", ""放疗科"", ""放射科"", ""针灸科"", ""理疗科"", ""核医学科"", ""心身医学科"", ""神经内分泌心理科"", ""男科"", ""创伤外科研究室"", ""药剂药理科"", ""介入科"", ""营养科"", ""综合科""]","["" 第18名 "", ""第46名"", ""20056 万次"", ""160969 位"", ""2366"", "" 21"", ""99%""]","{""烧伤整形科"": ""第五名""}"
"北大口腔医院","[""三级甲等"", ""口腔医院""]","北京市海淀区中关村南大街22号","[""颌面外科"", ""口腔修复科"", ""牙体牙髓科"", ""正畸科"", ""口腔综合科"", ""牙周科"", ""儿童口腔科"", ""特诊科"", ""急诊科"", ""预防科"", ""口腔种植科"", ""口腔粘膜科"", ""颞下颌关节病及口颌面疼诊治中心"", ""病理科"", ""麻醉科"", ""内科""]","["" 第28名 "", ""第80名"", ""12992 万次"", ""162649 位"", ""7311"", "" 76"", ""99%""]","{""口腔科"": ""第一名""}"
"中国人民解放军总医院第六医学中心","[""三级甲等"", ""综合医院""]","北京市海淀区阜成路6号","[""心内科"", ""神经内科"", ""消化内科"", ""航海航空医学中心"", ""呼吸内科"", ""高压氧科"", ""急诊科"", ""血液科"", ""肾脏病科"", ""内分泌科"", ""风湿免疫科"", ""神经外科"", ""普通外科"", ""骨科"", ""胸外科"", ""心血管外科"", ""肝胆外科"", ""妇产科"", ""妇产科产前诊断中心"", ""耳鼻喉科"", ""眼科"", ""康复医学科"", ""口腔医疗中心"", ""肿瘤诊疗中心"", ""超声诊断科"", ""中医科"", ""麻醉科"", ""皮肤科"", ""医学影像科"", ""介入治疗科"", ""辅助生殖中心"", ""病理科"", ""核医学科"", ""特需医疗部"", ""医学心理科"", ""干部保健科"", ""疼痛科"", ""健康管理中心"", ""检验科"", ""营养科"", ""重症监护室"", ""药剂科"", ""传染科"", ""针灸科""]","["" 第36名 "", ""9386 万次"", ""79856 位"", ""620"", "" 11"", ""98%""]","{}"
"航天中心医院","[""三级"", ""综合医院""]","北京市海淀区玉泉路15号","[""老年医学一科"", ""心脏医学部"", ""神经内科"", ""老年医学二科"", ""血液科"", ""内分泌科"", ""呼吸科"", ""肾内科"", ""消化科"", ""急诊科"", ""风湿免疫科"", ""血液净化中心"", ""普外科"", ""泌尿外科"", ""骨科"", ""肝胆外科"", ""神经外科"", ""胸外科"", ""心血管外科"", ""肛肠外科"", ""乳腺、甲状腺外科"", ""妇产科"", ""儿科"", ""中医科"", ""口腔科"", ""超声科"", ""皮肤科"", ""体检中心"", ""耳鼻喉科"", ""眼科"", ""康复医学科"", ""影像科"", ""疼痛门诊"", ""药剂科"", ""重症医学科"", ""麻醉科"", ""营养科"", ""粘液瘤科"", ""介入科"", ""心理精神科"", ""心电图室"", ""检验科"", ""病理科""]","["" 第45名 "", ""6260 万次"", ""67055 位"", ""871"", "" 4"", ""100%""]","{}"
"空军特色医学中心（原空军总医院）","[""三级甲等"", ""综合医院""]","北京市海淀区阜成路30号","[""心血管内科"", ""神经内科"", ""消化内科"", ""风湿肾病科"", ""血液病研究中心"", ""内分泌科"", ""呼吸内科"", ""急诊部"", ""老年病科"", ""感染内科"", ""骨科"", ""普通外科"", ""泌尿外科"", ""肝胆外科"", ""神经外科"", ""胸外科"", ""心血管外科"", ""整形美容科"", ""妇产科"", ""儿科"", ""皮肤科"", ""中西医结合正骨治疗科"", ""干部病房"", ""耳鼻咽喉头颈外科"", ""口腔科"", ""眼科"", ""中医科"", ""理疗科"", ""烧伤整形外科"", ""药学部"", ""磁共振科"", ""麻醉科"", ""中西医结合男科"", ""康复医学科"", ""放射线科"", ""肿瘤内科"", ""核医学科"", ""睡眠中心"", ""疼痛科"", ""生殖中心"", ""临床检验中心"", ""特诊科"", ""超声诊断科"", ""重症医学科"", ""临床心理科"", ""航空航天眩晕诊疗研究中心"", ""病理科"", ""营养科"", ""保健科"", ""全科(轮转)"", ""放疗科""]","["" 第51名 "", ""5179 万次"", ""75533 位"", ""1601"", "" 51"", ""96%""]","{}"
"北京肿瘤医院","[""三级甲等"", ""肿瘤医院""]","本院:北京市海淀区阜成路52号;西院区:北...","[""放疗科"", ""乳腺肿瘤内科"", ""肿瘤妇科"", ""骨与软组织肿瘤科"", ""康复科"", ""姑息治疗中心"", ""肿瘤外科"", ""胃肠肿瘤中心"", ""胸外科"", ""乳腺癌预防治疗中心"", ""胸部肿瘤内科"", ""肝胆胰外科"", ""消化肿瘤内科"", ""胃肠肿瘤中心三病区(原结直肠肿瘤外科)"", ""医学影像科"", ""淋巴肿瘤内科"", ""超声科"", ""介入治疗科"", ""麻醉科"", ""病理科"", ""头颈外科"", ""肾癌黑色素瘤内科"", ""胃肠肿瘤中心四病区"", ""中西医结合科暨老年肿瘤科"", ""泌尿外科"", ""软组织与腹膜后肿瘤中心"", ""检验科"", ""核医学科"", ""日间病房"", ""药剂科"", ""营养科"", ""口腔科"", ""心肺功能室"", ""重症监护室"", ""心内科""]","["" 第23名 "", ""第69名"", ""14686 万次"", ""153677 位"", ""3887"", "" 45"", ""98%""]","{""肿瘤学"": ""第一名"", ""胸外科"": ""第六名""}"
"解放军总医院第八医学中心(原309医院)","[""三级甲等"", ""综合医院""]","北京市海淀区黑山扈路甲17号","[""心内科"", ""消化科"", ""呼吸科"", ""老年病科（干部病房）"", ""全军移植研究所肾内科"", ""血液科"", ""神经内科"", ""内分泌科"", ""急诊科"", ""全军器官移植研究所"", ""骨科中心"", ""移植研究所泌尿外科"", ""普通外科"", ""脊柱微创外科"", ""肝胆外科"", ""神经外科"", ""胸外科"", ""胸心外科"", ""血管外科"", ""儿科"", ""耳鼻喉科"", ""眼科"", ""口腔科"", ""全军结核病研究所"", ""皮肤科"", ""重症医学科"", ""肿瘤科"", ""麻醉科"", ""放疗科"", ""放射诊断科"", ""超声诊断科"", ""康复医学科"", ""传染科"", ""特勤诊疗科"", ""介入科"", ""药剂科"", ""医学心理科"", ""中医科"", ""核医学科""]","["" 第41名 "", ""7937 万次"", ""62714 位"", ""483"", "" 4"", ""99%""]","{}"
"北医六院","[""三级甲等"", ""精神病医院""]","北京市海淀区海淀花园北路51号","[""精神科"", ""心理咨询"", ""双相障碍"", ""儿科"", ""中西医结合科""]","["" 第35名 "", ""第105名"", ""9662 万次"", ""74550 位"", ""1275"", "" 42"", ""96%""]","{""精神心理科"": ""第二名""}"
"中关村医院","[""二级甲等"", ""综合医院""]","北京市海淀区海淀中关村南路12号","[""心血管内科"", ""神经内科"", ""呼吸内科"", ""内分泌科"", ""血透中心"", ""急诊科"", ""脊柱微创介入治疗中心"", ""外科"", ""骨外科"", ""胸外科"", ""妇科"", ""儿科"", ""口腔科"", ""中医科"", ""社区中心"", ""肿瘤科"", ""体检科"", ""病理科"", ""放射科"", ""眼科"", ""耳鼻喉科"", ""皮肤科"", ""针灸科"", ""男科"", ""超声科"", ""精神科"", ""康复科"", ""特检科"", ""麻醉科""]","["" 第103名 "", ""436 万次"", ""2450 位"", ""60"", "" 4"", ""94%""]","{}"
"北京老年医院","[""三级"", ""综合医院""]","北京海淀区温泉路118号","[""感染疾病科"", ""呼吸内科"", ""消化内科"", ""内分泌科"", ""神经内科"", ""内科"", ""心内科"", ""肾内科"", ""急诊科"", ""骨科"", ""泌尿外科"", ""普外科"", ""胸外科"", ""神经外科"", ""妇科"", ""精神心理科"", ""口腔科"", ""康复科"", ""耳鼻喉科"", ""肿瘤内科"", ""中医科"", ""眼科"", ""疼痛科"", ""病理科"", ""超声影像科"", ""皮肤科"", ""口腔修复科"", ""美容整形科"", ""检验科"", ""放射科"", ""心理咨询科"", ""麻醉科"", ""烧伤门诊"", ""结核科"", ""放疗科""]","["" 第91名 "", ""795 万次"", ""4351 位"", ""15"", "" 0"", ""100%""]","{}"
"北京中西医结合医院","[""三级甲等"", ""综合医院""]","北京市海淀区永定路东街3号(本院区)；海...","[""血液肿瘤门诊"", ""整形美容科"", ""泌尿外科"", ""神经外科"", ""乳腺外科"", ""口腔科"", ""针灸科"", ""脑病科"", ""肾病内分泌科"", ""心血管内科"", ""妇产科"", ""骨科"", ""呼吸消化科"", ""中医科"", ""普外科"", ""皮肤科"", ""儿科"", ""耳鼻喉科"", ""中医肿瘤科"", ""精神卫生科"", ""眼科"", ""疼痛科"", ""肛肠科""]","["" 第69名 "", ""2003 万次"", ""11036 位"", ""120"", "" 3"", ""98%""]","{}"
"德尔康尼骨科医院","[""二级"", ""骨科医院""]","北京市海淀区阜石路甲19号","[""骨科"", ""脊柱外科"", ""骨关节科"", ""足踝外科"", ""手外科"", ""创伤骨科"", ""矫形骨科"", ""中医科"", ""运动医学科"", ""口腔粘膜科"", ""口腔外科"", ""小儿骨科"", ""康复科"", ""风湿免疫科"", ""针灸科"", ""肝病科"", ""儿童口腔科"", ""呼吸科"", ""皮肤科"", ""血液科"", ""骨肿瘤科"", ""内分泌科""]","["" 第140名 "", ""161 万次"", ""4558 位"", ""155"", "" 2"", ""99%""]","{}"
"北京市海淀区妇幼保健院","[""二级甲等"", ""妇产医院""]","老院区:北京市海淀区海淀南路33号;东南...","[""产科"", ""妇科"", ""优生咨询产前筛查"", ""更年青春期"", ""计生专科"", ""乳腺病防治中心"", ""儿科"", ""不孕不育"", ""内科"", ""口腔保健科门诊"", ""男科"", ""儿童早期发展中心"", ""疼痛科"", ""超声科"", ""性健康咨询""]","["" 第108名 "", ""402 万次"", ""3428 位"", ""35"", "" 2"", ""95%""]","{}"
"上地医院","[""二级"", ""综合医院""]","北京市海淀区中关村高科技园区上地信息...","[""内科"", ""急诊科"", ""消化内科"", ""外科"", ""骨科"", ""产科"", ""妇科"", ""小儿科"", ""皮肤科"", ""中医科"", ""检验科"", ""手术麻醉科"", ""超声诊断科"", ""口腔科""]","["" 第169名 "", ""72 万次"", ""924 位"", ""4"", "" 0"", ""100%""]","{}"
"北大口腔三门诊","[""三级甲等"", ""口腔医院""]","北京市海淀区花园东路高德大厦203号","[""口腔修复科"", ""牙体牙髓科"", ""口腔综合科"", ""口腔正畸科"", ""牙周科"", ""儿童口腔科"", ""口腔外科"", ""口腔种植科""]","["" 第170名 "", ""70 万次"", ""1056 位"", ""97"", "" 3"", ""97%""]","{}"
"北京美尔目医院","[""眼科医院""]","北京市海淀区复兴路65号-2","[""眼科"", ""小儿眼科"", ""角膜科"", ""眼整形"", ""白内障"", ""眼底"", ""眼眶及肿瘤"", ""青光眼科""]","["" 第101名 "", ""444 万次"", ""4632 位"", ""73"", "" 0"", ""100%""]","{}"
"北京怡德医院","[""综合医院""]","北京市海淀区昆明湖南路51号 E座","[""心内科"", ""神经内科"", ""内分泌科"", ""血管外科"", ""整形科"", ""神经外科"", ""肝胆外科"", ""心血管外科"", ""乳腺外科"", ""胸外科"", ""泌尿外科"", ""淋巴外科"", ""微创足踝外科"", ""骨科"", ""普外科"", ""产科"", ""耳鼻喉科"", ""精神科"", ""介入科"", ""疼痛科"", ""中医儿科"", ""颌面外科""]","["" 第291名 "", ""2 万次"", ""1935 位"", ""0"", "" 0"", ""0%""]","{}"
"北京怡宁医院","[""精神病医院""]","北京市海淀区闵庄路9号北京怡宁医院","[""心理咨询科"", ""精神心理科"", ""疑难杂症科""]","["" 第92名 "", ""765 万次"", ""4871 位"", ""37"", "" 1"", ""97%""]","{}"
"首医大三博脑科医院","[""三级""]","北京市海淀区香山一棵松50号","[""神经外科"", ""神经内科"", ""神经肿瘤化疗中心"", ""功能神经外科"", ""脊髓脊椎疾病中心"", ""神经影像科"", ""病理科""]","["" 第68名 "", ""2065 万次"", ""32629 位"", ""311"", "" 2"", ""98%""]","{}"
"普瑞口腔","[""口腔医院""]","北京市海淀区大慧寺12号7号楼","[""口腔科"", ""儿童口腔科"", ""外科"", ""急诊科"", ""牙周科"", ""正畸科""]","["" 第365名 "", ""724 次"", ""5 位"", ""4"", "" 0"", ""100%""]","{}"
"迦南门诊","[""综合医院""]","北京市海淀区阜成路81号院1号楼","[""胸部肿瘤内科"", ""胸部肿瘤外科""]","["" 第164名 "", ""79 万次"", ""759 位"", ""0"", "" 0"", ""0%""]","{}"
"北京家恩德运医院","[]","北京市海淀区知春路29号11栋","[""生殖医学中心"", ""遗传咨询科"", ""中医科"", ""男科""]","["" 第110名 "", ""349 万次"", ""8047 位"", ""261"", "" 2"", ""98%""]","{}"
"北京诚欣瓒口腔门诊部","[""口腔医院""]","紫竹院路1号人济山庄南门底商","[""种植科"", ""口腔科"", ""牙周科"", ""口腔特诊科"", ""口腔修复科"", ""颌面外科""]","["" 第328名 "", ""7443 次"", ""7 位"", ""1"", "" 0"", ""100%""]","{}"
"北京裕和医院","[""三级"", ""综合医院""]","北京市海淀区永定路15号","[""内科"", ""骨科"", ""脊柱外科"", ""普外科"", ""妇科"", ""针灸科"", ""康复科""]","["" 第501名 "", ""0 次"", ""0 位"", ""0"", "" 0"", ""0%""]","{}"
"赛德阳光口腔北京西海国际门诊部","[""口腔医院""]","北京市海淀区北三环西路99号院西海国际...","[""正畸科"", ""种植科"", ""口腔科"", ""儿童口腔科""]","["" 第272名 "", ""3 万次"", ""2 位"", ""0"", "" 0"", ""0%""]","{}"
"唯世（北京）临床心理门诊部","[""精神病医院""]","北京市海淀区花园北路35号9号院健康智谷...","[""精神科"", ""心理科"", ""小儿精神科""]","["" 第57名 "", ""3487 万次"", ""12411 位"", ""31"", "" 1"", ""97%""]","{}"
"北京圣贝万柳口腔门诊部","[""口腔医院""]","北京市海淀区万柳中路6号院3号楼一层30...","[""口腔科"", ""口腔修复科"", ""正畸科""]","["" 第225名 "", ""11 万次"", ""37 位"", ""2"", "" 0"", ""100%""]","{}"
"中国兵器工业北京北方医院","[""二级"", ""综合医院""]","北京市海淀区车道沟10号院","[""普通内科"", ""急诊科"", ""消化内科"", ""骨科"", ""外科"", ""疼痛科"", ""中医科"", ""麻醉科"", ""口腔科"", ""皮肤科""]","["" 第229名 "", ""10 万次"", ""121 位"", ""3"", "" 0"", ""100%""]","{}"
"北京大学医院","[""二级"", ""综合医院""]","北京市海淀区颐和园路5号","[""普通内科"", ""骨关节科"", ""介入血管外科"", ""口腔科"", ""种植科"", ""精神科""]","["" 第210名 "", ""21 万次"", ""303 位"", ""6"", "" 0"", ""100%""]","{}"
"甘家口社区卫生服务中心","[""一级甲等"", ""综合医院""]","北京市海淀区增光路甲57号","[""普通内科"", ""全科""]","["" 第273名 "", ""3 万次"", ""0 位"", ""0"", "" 0"", ""0%""]","{}"
"万寿路社区卫生服务中心","[""综合医院""]","北京市海淀区万寿路翠微中里13号","[""全科""]","["" 第209名 "", ""21 万次"", ""57 位"", ""0"", "" 0"", ""0%""]","{}"
"北京熙仁医院","[""眼科医院""]","北京市海淀区静淑东里10号院","[""眼科"", ""小儿眼科"", ""青光眼科"", ""眼外伤""]","["" 第219名 "", ""14 万次"", ""590 位"", ""13"", "" 1"", ""93%""]","{}"
"北京万柳美中宜和妇儿医院","[""综合医院""]","北京市海淀区万柳中路7号","[""小儿皮肤科"", ""妇产科"", ""生殖中心""]","["" 第136名 "", ""178 万次"", ""2183 位"", ""42"", "" 0"", ""100%""]","{}"
"保仁川口腔诊所","[""口腔医院""]","海淀区板井路59号","[""颌面外科"", ""儿童口腔科"", ""口腔修复科"", ""牙周科"", ""口腔科""]","["" 第507名 "", ""0 次"", ""0 位"", ""0"", "" 0"", ""0%""]","{}"
"北京安忻临床心理门诊部","[""精神病医院""]","北京市海淀区万柳中路6号院迪佳广场3号...","[""精神科"", ""精神心理科"", ""中医科""]","["" 第155名 "", ""101 万次"", ""941 位"", ""14"", "" 1"", ""93%""]","{}"
"","[]","","[]","[]","{}"
"中科领军（北京）口腔医院","[""口腔医院""]","北京市海淀区中关村南大街24号2-4层","[""种植科""]","["" 第362名 "", ""1309 次"", ""0 位"", ""1"", "" 0"", ""100%""]","{}"
"北京水利医院","[""二级甲等"", ""综合医院""]","北京市海淀区玉渊潭南路19号","[""内科"", ""手外科"", ""中医科"", ""口腔科""]","["" 第245名 "", ""5 万次"", ""209 位"", ""18"", "" 0"", ""100%""]","{}"
"西典门诊","[""综合医院""]","北京市海淀区西三环北路105号科原大厦一...","[""神经内科"", ""功能神经外科"", ""耳鼻喉头颈外科"", ""麻醉科""]","["" 第394名 "", ""0 次"", ""0 位"", ""0"", "" 0"", ""0%""]","{}"
"清华大学医院","[""二级"", ""综合医院""]","北京市海淀区双清路30号清华大学清华园","[""内科"", ""正畸科"", ""耳鼻咽喉科""]","["" 第205名 "", ""24 万次"", ""616 位"", ""36"", "" 0"", ""100%""]","{}"
"爱德齿科","[""口腔医院""]","北京市海淀区北三环大钟寺中鼎大厦A座5...","[""口腔科"", ""颌面外科""]","["" 第355名 "", ""3397 次"", ""0 位"", ""0"", "" 0"", ""0%""]","{}"
"北京市社会福利医院","[""二级甲等"", ""综合医院""]","北京市海淀区清河街道三街52号","[""普通内科"", ""妇科""]","["" 第322名 "", ""8723 次"", ""0 位"", ""0"", "" 0"", ""0%""]","{}"
"花园路社区卫生服务中心","[""一级"", ""综合医院""]","北京市海淀区马甸月季园小区甲3号","[""全科""]","["" 第181名 "", ""54 万次"", ""133 位"", ""0"", "" 0"", ""0%""]","{}"
"北京林业大学医院","[""一级甲等"", ""综合医院""]","北京市海淀区清华东路35号","[""全科""]","["" 第207名 "", ""22 万次"", ""29 位"", ""0"", "" 0"", ""0%""]","{}"
"青云北区社区卫生服务站","[""一级"", ""综合医院""]","青云北区附近","[""全科""]","["" 第206名 "", ""23 万次"", ""102 位"", ""0"", "" 0"", ""0%""]","{}"
"蓟门里社区卫生服务中心","[""一级"", ""综合医院""]","北京市海淀区蓟门里北区甲4号","[""全科""]","["" 第203名 "", ""25 万次"", ""58 位"", ""0"", "" 0"", ""0%""]","{}"
"北京四季青医院","[""二级"", ""综合医院""]","北京市海淀区远大路32号","[""中医骨科"", ""皮肤科""]","["" 第256名 "", ""4 万次"", ""158 位"", ""11"", "" 1"", ""92%""]","{}"
"永定路社区卫生服务中心六街坊社区卫生服务站","[""一级"", ""综合医院""]","永定路57号院213","[""普通内科"", ""全科""]","["" 第264名 "", ""3 万次"", ""3 位"", ""0"", "" 0"", ""0%""]","{}"
"志新村社区卫生服务站","[""一级"", ""综合医院""]","北京市海淀区志新西路志新小区内","[""全科""]","["" 第323名 "", ""8708 次"", ""11 位"", ""0"", "" 0"", ""0%""]","{}"
"北京交通大学社区卫生服务中心","[""综合医院""]","北京市海淀区交大东路西直门外上园村3号...","[""耳鼻喉"", ""中医理疗科""]","["" 第274名 "", ""3 万次"", ""26 位"", ""1"", "" 0"", ""100%""]","{}"
"田村路社区卫生服务中心","[""综合医院""]","北京市海淀区田村北路海澜中苑小区2号公...","[""全科""]","["" 第299名 "", ""1 万次"", ""34 位"", ""7"", "" 0"", ""100%""]","{}"
"北太平庄社区卫生服务中心","[""综合医院""]","北京市海淀区文慧园6号楼","[""外科""]","["" 第356名 "", ""2995 次"", ""0 位"", ""0"", "" 0"", ""0%""]","{}"
"北京科技大学社区卫生服务中心","[""一级"", ""综合医院""]","北京市海淀区学院路30号","[""全科""]","["" 第308名 "", ""1 万次"", ""10 位"", ""0"", "" 0"", ""0%""]","{}"
"海淀区青龙桥社区服务中心","[""综合医院""]","北京市海淀区香山路厢红旗东2号","[""精神科""]","["" 第349名 "", ""4717 次"", ""0 位"", ""0"", "" 0"", ""0%""]","{}"
"海淀区万寿路医院","[""一级甲等"", ""综合医院""]","北京市海淀区翠微路甲1号院","[""中医科""]","["" 第317名 "", ""1 万次"", ""5 位"", ""0"", "" 0"", ""0%""]","{}"
"北京太和妇产医院","[""综合医院""]","北京市海淀区闵庄路玉泉慧谷9-1号楼","[""产科""]","["" 第449名 "", ""0 次"", ""0 位"", ""0"", "" 0"", ""0%""]","{}"
"青云社区卫生服务站","[""综合医院""]","北京市海淀区北三环西路40号","[""全科""]","["" 第339名 "", ""6115 次"", ""0 位"", ""0"", "" 0"", ""0%""]","{}"
"中国矿业大学（北京）社区卫生服站","[""综合医院""]","北京市海淀区海淀区学院路丁11号","[""全科""]","["" 第347名 "", ""5032 次"", ""0 位"", ""0"", "" 0"", ""0%""]","{}"
"清河社区卫生服务中心","[""一级"", ""综合医院""]","北京市海淀区安宁庄东路19号","[""全科""]","["" 第284名 "", ""2 万次"", ""85 位"", ""0"", "" 0"", ""0%""]","{}"
"海淀区精神卫生防治院","[""二级"", ""精神病医院""]","北京市海淀区苏家坨镇西小营","[""精神科""]","["" 第337名 "", ""6323 次"", ""0 位"", ""0"", "" 0"", ""0%""]","{}"
"北京圣宝妇产医院","[""二级"", ""妇产医院""]","北京海淀区昌平路南段36号院二号楼","[""妇产科"", ""儿科""]","["" 第689名 "", ""0 次"", ""4584 位"", ""35"", "" 0"", ""100%""]","{}"
"北大医院","[""三级甲等"", ""综合医院""]","北大医院:北京市西城区西什库大街8号;北...","[""心血管内科"", ""肾病内科"", ""神经内科"", ""老年病内科"", ""消化内科"", ""呼吸内科"", ""内分泌内科"", ""血液内科"", ""急诊科"", ""风湿免疫科"", ""抗感染科"", ""普通内科"", ""泌尿外科"", ""普通外科"", ""骨科"", ""介入血管外科"", ""神经外科"", ""胸外科"", ""心脏外科"", ""整形烧伤外科"", ""甲状腺、乳腺疾病中心"", ""妇科"", ""小儿神经内科"", ""产科"", ""新生儿科"", ""小儿肾病内科"", ""小儿外科"", ""小儿心内科"", ""儿童癫痫外科"", ""妇科内分泌"", ""小儿血液内科"", ""小儿营养"", ""小儿呼吸内科"", ""计划生育科"", ""遗传咨询科"", ""检验科"", ""眼科"", ""麻醉科"", ""医学影像科"", ""中医中西医结合科"", ""皮肤性病科"", ""耳鼻咽喉头颈外科"", ""药剂科"", ""超声诊断科"", ""男科中心"", ""感染疾病科"", ""口腔科"", ""核医学科"", ""斜视与小儿眼科"", ""放射治疗科"", ""肿瘤化疗科"", ""重症监护室"", ""病理科"", ""康复医学科"", ""生殖中心"", ""临床营养科"", ""全科医学科"", ""妇科肿瘤"", ""疼痛门诊"", ""儿童保健"", ""心理门诊""]","["" 第5名 "", ""第8名"", ""45081 万次"", ""438545 位"", ""11808"", "" 129"", ""98%""]","{""肾病科"": ""第二名"", ""泌尿外科"": ""第五名"", ""血管外科"": ""第五名"", ""皮肤性病科"": ""第八名"", ""感染内科"": ""第九名"", ""神经内科"": ""第九名"", ""眼科"": ""第九名"", ""消化内科"": ""第十名""}"
"阜外医院","[""三级甲等""]","总部:北京市西城区北礼士路167号(西二环...","[""心血管内科"", ""成人外科中心"", ""小儿心脏外科"", ""麻醉科"", ""体外循环科"", ""成人术后恢复中心"", ""血管外科中心"", ""超声科"", ""放射科"", ""结构性心脏病中心"", ""内分泌科"", ""中医科"", ""核医学科"", ""移植病科"", ""眼科"", ""药剂科""]","["" 第15名 "", ""第36名"", ""24948 万次"", ""289348 位"", ""8901"", "" 78"", ""99%""]","{""心血管内科"": ""第一名"", ""心血管外科"": ""第一名"", ""血管外科"": ""第一名"", ""小儿心脏病专科"": ""第三名""}"
"北京友谊医院","[""三级甲等"", ""综合医院""]","北京市西城区永安路95号","[""消化内科"", ""神经内科"", ""心脏中心"", ""血液内科"", ""肾病内科"", ""内分泌科"", ""呼吸内科"", ""感染内科"", ""急诊科"", ""风湿内科"", ""普外科"", ""骨科"", ""泌尿外科"", ""胸外科"", ""血管外科"", ""神经外科"", ""肝脏移植中心"", ""医学美容中心"", ""心血管外科"", ""儿科"", ""妇科"", ""产科"", ""计划生育科"", ""耳鼻咽喉头颈外科"", ""眼科"", ""口腔科"", ""中医科"", ""皮肤性病科"", ""放射科"", ""麻醉科"", ""超声科"", ""肝病中心"", ""病理科"", ""肿瘤科"", ""康复医学科"", ""放射介入科"", ""北京热带医学研究所"", ""营养科"", ""重症医学科(中心ICU)"", ""核医学科"", ""放疗科"", ""护理咨询"", ""医疗保健中心"", ""检验科""]","["" 第26名 "", ""第77名"", ""13757 万次"", ""139358 位"", ""2746"", "" 45"", ""98%""]","{""耳鼻喉头颈外科"": ""第五名""}"
"北京积水潭医院","[""三级甲等"", ""综合医院""]","新街口院区:北京市西城区新街口东街31号...","[""心内科"", ""呼吸与危重症医学科"", ""消化内科"", ""神经内科"", ""内分泌科"", ""肾脏内科"", ""血液内科"", ""急诊科"", ""感染疾病科"", ""风湿免疫科"", ""创伤骨科"", ""手外科"", ""矫形骨科"", ""脊柱外科"", ""骨质疏松门诊"", ""普外科"", ""泌尿外科"", ""神经外科"", ""胸外科"", ""足踝外科"", ""血管外科"", ""骨科"", ""妇产科"", ""小儿骨科"", ""儿科"", ""麻醉科"", ""放射科"", ""烧伤整形科"", ""骨肿瘤科"", ""运动医学科"", ""中医科"", ""眼科"", ""口腔科"", ""耳鼻喉科"", ""干部保健科"", ""皮肤性病科"", ""中医正骨科"", ""社区保健科"", ""针灸科"", ""超声诊断科"", ""物理康复科"", ""病理科"", ""ICU"", ""营养科"", ""核医学科"", ""冲击波治疗中心"", ""检验科""]","["" 第17名 "", ""第41名"", ""23173 万次"", ""217939 位"", ""4084"", "" 86"", ""97%""]","{""骨科(含运动医学)"": ""第二名"", ""烧伤整形科"": ""第七名""}"
"北京儿童医院","[""三级甲等"", ""儿童医院""]","北京市西城区南礼士路56号","[""血液肿瘤中心"", ""耳鼻咽喉头颈外科"", ""神经内科"", ""普通外科"", ""皮肤科"", ""新生儿中心"", ""呼吸科"", ""骨科"", ""内科"", ""小儿心外科"", ""泌尿外科"", ""心内科"", ""内分泌遗传代谢中心"", ""感染病科"", ""肾病内科"", ""消化科"", ""神经外科"", ""儿童保健中心"", ""烧伤整形外科"", ""小儿胸外科"", ""急诊科"", ""重症医学科"", ""风湿免疫科"", ""精神心理科"", ""小儿康复科"", ""眼科"", ""中医科"", ""口腔科"", ""麻醉科"", ""影像中心"", ""肿瘤外科"", ""超声科"", ""过敏反应科"", ""儿童功能神经外科"", ""临床营养科"", ""病理科"", ""检验科"", ""结核病科"", ""药剂科"", ""遗传咨询科""]","["" 第4名 "", ""第5名"", ""58012 万次"", ""562787 位"", ""6626"", "" 152"", ""97%""]","{""小儿外科"": ""第一名"", ""小儿内科"": ""第三名"", ""眼科"": ""第三名"", ""小儿心脏病专科"": ""第四名""}"
"广安门医院","[""三级甲等"", ""中医医院""]","北京市西城区广安门内北线阁5号;","[""肿瘤科"", ""心血管科"", ""综合科"", ""内分泌科"", ""妇科"", ""针灸科"", ""呼吸科"", ""皮肤科"", ""骨科"", ""脾胃病科"", ""肛肠科"", ""风湿病科"", ""肾病科"", ""外科"", ""老年病科"", ""感染疾病科"", ""儿科"", ""推拿科"", ""血液科"", ""耳鼻咽喉科"", ""脑病科"", ""男科"", ""肝炎门诊"", ""急诊科"", ""眼科"", ""泌尿科"", ""心理科"", ""放射科"", ""心身医学科"", ""预防保健科"", ""麻醉科与疼痛门诊"", ""口腔科"", ""睡眠中心"", ""国际医疗部"", ""干部门诊"", ""气功康复科"", ""药剂科"", ""超声科""]","["" 第14名 "", ""第32名"", ""26388 万次"", ""281885 位"", ""5619"", "" 113"", ""97%""]","{""中医科"": ""第一名""}"
"北京复兴医院","[""三级"", ""综合医院""]","住院部:北京市西城区复兴门外大街甲20号...","[""神经内科"", ""肾内科"", ""心血管病防治中心"", ""内分泌科"", ""消化内科"", ""血液科"", ""感染性疾病科"", ""高压氧科"", ""呼吸内科"", ""急诊科"", ""综合科"", ""普外科"", ""泌尿外科"", ""神经外科"", ""骨科"", ""血管外科"", ""胸外科"", ""心胸血管外科"", ""妇科"", ""宫腔镜诊治中心"", ""产科"", ""儿科"", ""干部保健科"", ""眼科"", ""麻醉科、手术室"", ""中医科"", ""口腔科"", ""肿瘤内科"", ""耳鼻喉科"", ""放射科"", ""针灸科"", ""药剂科"", ""重症医学中心"", ""超声影像科"", ""体检中心"", ""皮肤科"", ""检验科"", ""心功能科"", ""康复医学科"", ""理疗科"", ""中医骨伤科"", ""病理科"", ""全科"", ""核医学科"", ""营养科""]","["" 第39名 "", ""8218 万次"", ""89120 位"", ""1041"", "" 16"", ""98%""]","{}"
"火箭军总医院","[""三级甲等"", ""综合医院""]","北京市西城区新街口外大街16号","[""心血管内科"", ""内分泌科"", ""神经内科"", ""肾病内科"", ""消化内科"", ""血液病移植科"", ""呼吸内科"", ""急诊科"", ""骨科"", ""肝胆外科"", ""结直肠肛门外科"", ""普通外科"", ""泌尿外科"", ""神经外科"", ""心胸外科"", ""血管外科"", ""整形美容外科"", ""妇产科"", ""儿科"", ""口腔科"", ""胃食管反流病中心"", ""中医科"", ""肿瘤放疗中心"", ""耳鼻喉科"", ""神经介入科"", ""眼科"", ""药剂科"", ""麻醉科"", ""心理科"", ""皮肤性病科"", ""肿瘤科"", ""干部病房"", ""检验科"", ""超声科"", ""理疗科"", ""特诊科"", ""职业病科"", ""预防保健科"", ""烧伤科""]","["" 第44名 "", ""7378 万次"", ""47777 位"", ""394"", "" 3"", ""99%""]","{}"
"北京安定医院","[""三级甲等"", ""精神病医院""]","北京市西城区德胜门外安康胡同5号(德胜...","[""精神科"", ""临床心理中心"", ""中医精神科"", ""成瘾医学科"", ""司法鉴定"", ""精神康复中心"", ""儿科"", ""医学影像科""]","["" 第48名 "", ""第141名"", ""5897 万次"", ""50471 位"", ""1235"", "" 20"", ""98%""]","{""精神心理科"": ""第四名""}"
"解放军总医院第七医学中心(原陆军总医院)","[""三级甲等"", ""综合医院""]","北京市东城区东四十条南门仓5号","[""神经内科"", ""心血管内科"", ""消化内科"", ""内分泌科"", ""呼吸内科"", ""肾脏病科"", ""血液科"", ""风湿免疫科"", ""急诊科"", ""骨科"", ""神经外科"", ""普通外科"", ""胸外科"", ""乳腺科"", ""肝胆外科"", ""血管外科"", ""泌尿外科"", ""心外科"", ""骨质疏松科"", ""妇产科"", ""儿科"", ""皮肤性病科"", ""耳鼻喉科"", ""中医科"", ""肿瘤科"", ""眼科"", ""肝病科"", ""超声科"", ""理疗科"", ""心理医学科"", ""生殖中心"", ""放射诊断科"", ""烧伤整形科"", ""康复科"", ""病理科"", ""放射治疗科"", ""麻醉科"", ""口腔科"", ""干部诊疗科"", ""面瘫科"", ""特需医疗部"", ""重症监护室"", ""核医学科"", ""营养科"", ""结核病专科""]","["" 第27名 "", ""13319 万次"", ""147229 位"", ""1767"", "" 14"", ""99%""]","{}"
"电力医院","[""三级"", ""综合医院""]","北京市丰台区太平桥西里甲1号/北京市广...","[""心血管内科"", ""急诊科"", ""呼吸内科"", ""消化内科"", ""内分泌科"", ""神经内科"", ""血液科"", ""肾内科"", ""变态反应科"", ""高压氧"", ""感染内科"", ""综合内科"", ""骨科"", ""普通外科"", ""泌尿外科"", ""心胸血管外科"", ""神经外科"", ""乳腺外科"", ""心血管外科"", ""脊柱外科(骨二科)"", ""肛肠外科"", ""烧伤整形"", ""妇产科"", ""儿科"", ""耳鼻咽喉科"", ""口腔科"", ""眼科"", ""皮肤性病科"", ""麻醉科"", ""中医骨伤科"", ""功能检查科"", ""康复中心"", ""中医科"", ""放射科"", ""肿瘤外科"", ""检验科"", ""干部病房"", ""肿瘤专业"", ""理疗科"", ""预防保健科"", ""重症监护室"", ""病理科"", ""核医学科"", ""烧伤科""]","["" 第75名 "", ""1613 万次"", ""25694 位"", ""75"", "" 1"", ""97%""]","{}"
"中国康复研究中心(北京博爱医院)","[""三级甲等"", ""综合医院""]","北京市丰台区角门北路10号","[""神经康复科"", ""心内科"", ""急诊科"", ""呼吸科"", ""普通内科"", ""内分泌科"", ""肾病内科"", ""消化内科"", ""感染内科"", ""泌尿科"", ""脊柱脊髓外科"", ""普通外科"", ""脊柱脊髓神经功能重建科"", ""神经外科"", ""骨科"", ""关节病诊疗中心"", ""儿童康复科"", ""妇科"", ""康复医学科"", ""中医科"", ""口腔科"", ""眼科"", ""麻醉科"", ""中医皮肤科"", ""心理康复科"", ""医学影像科"", ""药剂科"", ""理疗科"", ""病理科"", ""肝病科"", ""耳鼻喉科""]","["" 第54名 "", ""4031 万次"", ""26514 位"", ""164"", "" 0"", ""99%""]","{}"
"丰台医院","[""二级甲等"", ""综合医院""]","北院区:北京市丰台区西安街1号;南院区:...","[""心内科"", ""神经内科"", ""呼吸内科"", ""肾内科"", ""血液内科"", ""内分泌"", ""消化内科"", ""骨外科"", ""普通外科"", ""神经外科"", ""胸外科"", ""整形美容科"", ""泌尿外科"", ""妇产科"", ""儿科"", ""口腔科"", ""中医科"", ""眼科"", ""针灸科"", ""中医按摩科"", ""皮肤科"", ""耳鼻喉科""]","["" 第96名 "", ""526 万次"", ""2637 位"", ""30"", "" 0"", ""100%""]","{}"
"航天总医院","[""三级"", ""综合医院""]","北京市丰台区东高地万源北路7号","[""心血管内科"", ""呼吸内科"", ""神经内科"", ""消化内科"", ""内科"", ""内分泌科"", ""急诊科"", ""血液科"", ""血透中心"", ""感染科"", ""胸外科"", ""普外科"", ""神经外科"", ""骨科"", ""泌尿外科"", ""肛肠科"", ""血管外科"", ""医疗美容科"", ""肝胆外科"", ""妇产科"", ""儿科"", ""中医科"", ""口腔科"", ""眼科"", ""皮肤科"", ""体检病房"", ""耳鼻喉科"", ""干部医疗科"", ""麻醉科"", ""超声科"", ""肝科"", ""理疗科"", ""输血科"", ""病理科"", ""职业病科"", ""肿瘤科"", ""功能检查科"", ""正畸科""]","["" 第85名 "", ""1075 万次"", ""7806 位"", ""55"", "" 0"", ""100%""]","{}"
"东直门医院","[""三级甲等"", ""中医医院""]","东城院区:北京市东城区海运仓5号;国际部...","[""肾病内分泌科"", ""推拿疼痛科"", ""骨科"", ""神经内科"", ""心血管内科"", ""妇科"", ""针灸科"", ""血液肿瘤科"", ""消化科"", ""皮肤科"", ""呼吸科"", ""普外科"", ""脑病三科"", ""儿科"", ""男科"", ""耳鼻喉科"", ""肛肠科"", ""感染科"", ""乳腺科"", ""内科"", ""急诊科(内二科)"", ""口腔科"", ""周围血管外科"", ""眼科"", ""泌尿外科"", ""麻醉科"", ""康复科"", ""功能科"", ""神经外科"", ""放射科"", ""核医学科"", ""心理门诊"", ""肝病科"", ""健康管理中心"", ""甲状腺病科"", ""血液净化中心"", ""体质门诊"", ""病理科"", ""超声科"", ""胸外科""]","["" 第20名 "", ""第49名"", ""19348 万次"", ""155691 位"", ""2079"", "" 56"", ""97%""]","{}"
"北大人民医院","[""三级甲等"", ""综合医院""]","西直门院区:北京市西城区西直门南大街1...","[""心血管内科"", ""血液病研究所"", ""风湿免疫科"", ""急诊科"", ""内分泌科"", ""消化内科"", ""神经内科"", ""呼吸内科"", ""肾内科"", ""老年科"", ""感染科"", ""普通外科"", ""泌尿外科"", ""胸外科"", ""骨关节科"", ""肝胆外科"", ""创伤骨科"", ""乳腺中心"", ""脊柱外科"", ""神经外科"", ""心外科"", ""血管外科"", ""整形美容科"", ""器官移植研究所"", ""妇科"", ""儿科"", ""产科"", ""儿科神经组"", ""麻醉科"", ""眼科"", ""放射科"", ""口腔科"", ""皮肤性病科"", ""超声医学科"", ""耳鼻喉科"", ""骨肿瘤科"", ""计划生育与生殖医学科"", ""肝病研究所"", ""中医科"", ""泌尿与碎石中心"", ""检验科"", ""重症医学科"", ""病理科"", ""疼痛医学科"", ""男科"", ""放疗科"", ""核医学科"", ""精神科"", ""临床营养科"", ""创伤救治中心"", ""康复医学科""]","["" 第8名 "", ""第20名"", ""32998 万次"", ""350810 位"", ""11408"", "" 141"", ""98%""]","{""肝胆外科"": ""第二名"", ""风湿免疫科"": ""第四名"", ""泌尿外科"": ""第四名"", ""血液科"": ""第七名"", ""胸外科"": ""第八名"", ""骨科(含运动医学)"": ""第十名""}"
"宣武医院","[""三级甲等"", ""综合医院""]","北京市西城区长椿街45号","[""神经内科"", ""心脏内科"", ""急诊科"", ""老年病科"", ""呼吸内科"", ""内分泌科"", ""消化科"", ""血液科"", ""风湿免疫-变态反应科"", ""肾科"", ""感染性疾病科"", ""神经外科"", ""普通外科"", ""骨科"", ""功能神经外科"", ""血管外科"", ""胸外科"", ""泌尿外科"", ""心脏外科"", ""甲状腺乳腺中心"", ""妇科"", ""儿科"", ""产科"", ""计划生育科"", ""小儿神经内科"", ""麻醉科"", ""放射科"", ""超声诊断科"", ""耳鼻咽喉-头颈外科"", ""眼科"", ""口腔科"", ""康复医学科"", ""药学部"", ""疼痛诊疗中心"", ""中医科"", ""病理科"", ""皮肤性病科"", ""健康管理科"", ""核医学科"", ""重症监护室"", ""脑缺血外科"", ""介入放射诊断治疗中心"", ""检验科"", ""医学影像科"", ""营养科"", ""皮肤美容""]","["" 第13名 "", ""第31名"", ""26491 万次"", ""256580 位"", ""6616"", "" 143"", ""97%""]","{""神经内科"": ""第一名"", ""神经外科"": ""第二名""}"
"南苑医院","[""二级"", ""综合医院""]","北京市丰台区南苑公所胡同3号","[""心血管内科"", ""呼吸科"", ""内科"", ""神经内科"", ""消化内科"", ""内分泌科"", ""急诊科"", ""肾病内科"", ""外科"", ""骨科"", ""肛肠外科"", ""泌尿外科"", ""妇产科"", ""儿科"", ""中医科"", ""眼科"", ""针灸按摩科"", ""耳鼻喉"", ""口腔科"", ""精神科"", ""烧伤整形科"", ""口腔修复科"", ""皮肤科"", ""皮肤美容"", ""麻醉科"", ""肿瘤内科""]","["" 第153名 "", ""104 万次"", ""1032 位"", ""43"", "" 0"", ""100%""]","{}"
"305医院","[""三级甲等"", ""综合医院""]","北京市西城区文津街甲13号","[""心血管内科"", ""消化内科"", ""内分泌风湿免疫科"", ""神经内科"", ""内科"", ""肾病内科"", ""呼吸内科"", ""急诊科"", ""血液科"", ""骨科"", ""普外科"", ""心胸外科"", ""泌尿外科"", ""血管外科"", ""妇科"", ""儿科"", ""口腔科"", ""超声科"", ""检验科"", ""眼科"", ""放射科"", ""针灸理疗科"", ""病理科"", ""麻醉科"", ""耳鼻喉科"", ""中医科"", ""皮肤科"", ""体检中心"", ""介入内科"", ""高干病房""]","["" 第84名 "", ""1086 万次"", ""17539 位"", ""57"", "" 1"", ""98%""]","{}"
"北大口腔医院第一门诊部","[""三级甲等"", ""口腔医院""]","东门:北京市西城区西什库大街甲37号;西...","[""牙体牙髓科"", ""综合科"", ""正畸科"", ""特诊科"", ""颌面外科"", ""牙周科"", ""儿童口腔科"", ""修复科""]","["" 第99名 "", ""482 万次"", ""6783 位"", ""299"", "" 5"", ""98%""]","{}"
"北京市肛肠医院","[""三级甲等"", ""肛肠医院""]","西城区德外大街16号(北院);北京市西城区...","[""肛肠外科"", ""内科"", ""中医科"", ""皮肤科"", ""脾胃病科"", ""疼痛科"", ""妇科"", ""麻醉科"", ""针灸科"", ""眼科"", ""骨科"", ""病理科"", ""超声科"", ""放射科"", ""耳鼻喉""]","["" 第82名 "", ""1147 万次"", ""13846 位"", ""374"", "" 10"", ""97%""]","{}"
"北京按摩医院","[""二级"", ""中医医院""]","北京市西城区宝产胡同7号","[""按摩科"", ""儿科"", ""骨伤科"", ""针灸科"", ""理疗康复科"", ""骨外科""]","["" 第138名 "", ""163 万次"", ""742 位"", ""19"", "" 0"", ""100%""]","{}"
"护国寺中医院","[""三级甲等"", ""中医医院""]","本部:北京市西城区棉花胡同83号;厂桥一...","[""中医内科"", ""中医骨科"", ""针灸科"", ""妇科"", ""儿科"", ""中医耳鼻喉科"", ""中医皮科"", ""西医内科"", ""外科"", ""急诊科"", ""口腔科"", ""肝病科"", ""眼科""]","["" 第123名 "", ""245 万次"", ""1546 位"", ""44"", "" 0"", ""100%""]","{}"
